Date,Total crawl requests,Total download size (Bytes),Average response time (ms)
2026-04-30,257,6184269,1715
2026-05-01,452,7422916,1895
2026-05-02,491,7127352,1308
2026-05-03,534,8108070,1826
2026-05-04,465,7670085,1434
2026-05-05,313,5799379,1582
2026-05-06,579,6081188,2087
2026-05-07,123,2854705,2500
2026-05-08,263,5363425,2338
2026-05-09,451,10218316,1034
2026-05-10,1168,10550289,1365
2026-05-11,1633,15497003,1694
2026-05-12,1770,6316173,1352
2026-05-13,973,5579929,1489
2026-05-14,1132,5734692,1247
2026-05-15,456,3717700,1424
2026-05-16,295,3170804,1126
2026-05-17,560,4364686,1629
2026-05-18,681,3674518,1801
2026-05-19,550,4090084,1603
2026-05-20,780,4383327,1635
2026-05-21,678,3849381,1588
2026-05-22,449,3237310,1596
2026-05-23,515,4363819,1256
2026-05-24,482,4019683,1479
2026-05-25,609,6780845,1237
2026-05-26,442,5499851,1402
2026-05-27,524,7672047,1244
2026-05-28,244,5171882,1850
2026-05-29,539,7698562,1426
2026-05-30,389,4963875,1185
2026-05-31,371,5192133,1354
2026-06-01,520,6187429,1687
2026-06-02,269,3753605,1870
2026-06-03,656,5668573,2507
2026-06-04,468,6531502,1894
2026-06-05,383,5823351,1447
2026-06-06,539,5096054,1292
2026-06-07,2352,10226556,1136
2026-06-08,209,2932458,2524
2026-06-09,234,3131968,2455
2026-06-10,197,3396102,2913
2026-06-11,601,5772565,2070
2026-06-12,377,4378132,1825
2026-06-13,139,3298673,1630
2026-06-14,230,4217151,1170
2026-06-15,1045,8391580,1547
2026-06-16,317,4398232,1476
2026-06-17,969,5080378,1517
2026-06-18,1129,7112981,1734
2026-06-19,2887,13526742,1520
2026-06-20,2241,10603677,1161
2026-06-21,2049,8533413,1213
2026-06-22,182,1867724,2761
2026-06-23,247,849132,1892
2026-06-24,386,1820087,1371
2026-06-25,286,816287,1107
2026-06-26,602,2241240,1154
2026-06-27,281,1085658,1200
2026-06-28,435,1255519,1101
2026-06-29,350,1916087,1159
2026-06-30,196,494285,1270
2026-07-01,847,3790676,1154
2026-07-02,2160,6846617,1566
2026-07-03,806,2327779,1200
2026-07-04,570,177434,137
2026-07-05,472,1424332,277
2026-07-06,462,3258184,624
2026-07-07,718,4983929,609
2026-07-08,1122,8071171,630
2026-07-09,519,4080688,607
2026-07-10,977,8391824,706
2026-07-11,2472,21008327,669
2026-07-12,2288,17824960,756
2026-07-13,242,1915762,650
2026-07-14,1838,14569305,1036
2026-07-15,12543,92505754,566
2026-07-16,4058,28615722,718
2026-07-17,1879,13714234,704
2026-07-18,1441,9912378,626
2026-07-19,375,2878834,690
2026-07-20,726,5309398,669
2026-07-21,207,1588291,686
2026-07-22,260,1705608,634
2026-07-23,403,2670559,748
2026-07-24,258,2633001,828
2026-07-25,1112,11700156,1359
2026-07-26,765,6496449,1323
2026-07-27,7729,77067877,110