Date,Clicks,Impressions,CTR,Position
2025-03-27,3,295,1.02%,28
2025-03-28,12,313,3.83%,26.9
2025-03-29,6,234,2.56%,31.3
2025-03-30,1,222,0.45%,29.8
2025-03-31,8,322,2.48%,27
2025-04-01,5,354,1.41%,25
2025-04-02,8,371,2.16%,24
2025-04-03,4,305,1.31%,20.8
2025-04-04,5,321,1.56%,24.8
2025-04-05,4,206,1.94%,26.5
2025-04-06,5,228,2.19%,26.6
2025-04-07,8,313,2.56%,20.2
2025-04-08,10,380,2.63%,27.8
2025-04-09,11,338,3.25%,18.5
2025-04-10,9,340,2.65%,22.9
2025-04-11,1,294,0.34%,26.2
2025-04-12,2,227,0.88%,30.6
2025-04-13,2,230,0.87%,29.3
2025-04-14,8,335,2.39%,24.2
2025-04-15,8,370,2.16%,22
2025-04-16,9,260,3.46%,22.7
2025-04-17,5,278,1.8%,22.4
2025-04-18,4,280,1.43%,27.8
2025-04-19,4,254,1.57%,30.2
2025-04-20,2,228,0.88%,29.4
2025-04-21,9,406,2.22%,26.6
2025-04-22,5,397,1.26%,28
2025-04-23,7,385,1.82%,25.5
2025-04-24,6,368,1.63%,26.4
2025-04-25,3,371,0.81%,28.1
2025-04-26,0,281,0%,32.9
2025-04-27,2,299,0.67%,29.2
2025-04-28,5,406,1.23%,24.9
2025-04-29,4,390,1.03%,25
2025-04-30,5,361,1.39%,26.4
2025-05-01,2,315,0.63%,29.7
2025-05-02,9,403,2.23%,27.9
2025-05-03,4,347,1.15%,29.5
2025-05-04,5,306,1.63%,33.1
2025-05-05,10,402,2.49%,27.1
2025-05-06,5,366,1.37%,31.3
2025-05-07,11,357,3.08%,25.2
2025-05-08,5,368,1.36%,28.7
2025-05-09,5,313,1.6%,32.7
2025-05-10,1,290,0.34%,29.5
2025-05-11,3,313,0.96%,32
2025-05-12,7,429,1.63%,25.4
2025-05-13,8,401,2%,24.7
2025-05-14,14,395,3.54%,25.2
2025-05-15,3,393,0.76%,25.8
2025-05-16,11,394,2.79%,27
2025-05-17,5,298,1.68%,30.9
2025-05-18,2,327,0.61%,33.3
2025-05-19,12,440,2.73%,27.3
2025-05-20,8,481,1.66%,27.3
2025-05-21,11,397,2.77%,23.3
2025-05-22,12,426,2.82%,25.3
2025-05-23,5,417,1.2%,26.1
2025-05-24,2,341,0.59%,30.8
2025-05-25,6,323,1.86%,32.2
2025-05-26,4,445,0.9%,26.7
2025-05-27,9,489,1.84%,23.4
2025-05-28,10,487,2.05%,25.6
2025-05-29,12,493,2.43%,27.6
2025-05-30,6,504,1.19%,31.3
2025-05-31,10,394,2.54%,33.9
2025-06-01,4,366,1.09%,35.7
2025-06-02,8,451,1.77%,28.9
2025-06-03,5,467,1.07%,26.2
2025-06-04,5,468,1.07%,24.8
2025-06-05,8,446,1.79%,25.8
2025-06-06,6,395,1.52%,28.6
2025-06-07,1,309,0.32%,32.5
2025-06-08,2,296,0.68%,31.4
2025-06-09,6,430,1.4%,24.6
2025-06-10,14,536,2.61%,29.9
2025-06-11,8,464,1.72%,24.8
2025-06-12,8,445,1.8%,24.8
2025-06-13,6,412,1.46%,27.8
2025-06-14,2,336,0.6%,35.6
2025-06-15,9,378,2.38%,28.8
2025-06-16,13,507,2.56%,26.7
2025-06-17,7,470,1.49%,24.3
2025-06-18,13,494,2.63%,22.5
2025-06-19,13,691,1.88%,29.7
2025-06-20,13,517,2.51%,30.7
2025-06-21,7,369,1.9%,30.3
2025-06-22,7,362,1.93%,29.8
2025-06-23,6,541,1.11%,22.1
2025-06-24,11,532,2.07%,22.2
2025-06-25,8,434,1.84%,25.6
2025-06-26,11,535,2.06%,25.2
2025-06-27,4,469,0.85%,26.9
2025-06-28,6,374,1.6%,29.9
2025-06-29,6,489,1.23%,31.3
2025-06-30,16,617,2.59%,26.9
2025-07-01,13,597,2.18%,24.9
2025-07-02,5,567,0.88%,26.8
2025-07-03,5,522,0.96%,25.1
2025-07-04,7,503,1.39%,27.7
2025-07-05,4,418,0.96%,32.7
2025-07-06,4,422,0.95%,28.8
2025-07-07,7,555,1.26%,23.6
2025-07-08,11,593,1.85%,24.9
2025-07-09,8,543,1.47%,24.9
2025-07-10,12,519,2.31%,26.3
2025-07-11,7,513,1.36%,27.3
2025-07-12,5,391,1.28%,31.5
2025-07-13,1,369,0.27%,29.7
2025-07-14,11,538,2.04%,25.7
2025-07-15,6,517,1.16%,26.2
2025-07-16,11,553,1.99%,26.4
2025-07-17,13,517,2.51%,29.4
2025-07-18,4,513,0.78%,30.2
2025-07-19,5,437,1.14%,33.9
2025-07-20,6,486,1.23%,33.5
2025-07-21,6,559,1.07%,25.6
2025-07-22,6,533,1.13%,26.3
2025-07-23,10,525,1.9%,24.5
2025-07-24,12,666,1.8%,24.2
2025-07-25,5,553,0.9%,26.7
2025-07-26,7,445,1.57%,27.9
2025-07-27,3,429,0.7%,31
2025-07-28,9,465,1.94%,27.2
2025-07-29,7,522,1.34%,25.3
2025-07-30,6,567,1.06%,27.5
2025-07-31,9,389,2.31%,22.7
2025-08-01,5,426,1.17%,27.3
2025-08-02,3,289,1.04%,28.1
2025-08-03,5,384,1.3%,32.1
2025-08-04,6,418,1.44%,19.8
2025-08-05,7,469,1.49%,25.9
2025-08-06,8,414,1.93%,20.7
2025-08-07,6,448,1.34%,26.3
2025-08-08,4,383,1.04%,26.1
2025-08-09,2,394,0.51%,32.1
2025-08-10,5,251,1.99%,29
2025-08-11,7,460,1.52%,25
2025-08-12,14,415,3.37%,24.6
2025-08-13,8,518,1.54%,25.9
2025-08-14,4,395,1.01%,24.5
2025-08-15,1,391,0.26%,29.3
2025-08-16,5,359,1.39%,33.9
2025-08-17,2,376,0.53%,27.6
2025-08-18,10,411,2.43%,22.4
2025-08-19,19,492,3.86%,21.2
2025-08-20,9,412,2.18%,19.5
2025-08-21,3,463,0.65%,24.1
2025-08-22,11,397,2.77%,25.3
2025-08-23,2,383,0.52%,27.7
2025-08-24,3,375,0.8%,27.7
2025-08-25,10,561,1.78%,24.1
2025-08-26,4,415,0.96%,21
2025-08-27,7,485,1.44%,24.2
2025-08-28,4,415,0.96%,22.5
2025-08-29,2,501,0.4%,25.5
2025-08-30,4,385,1.04%,23.4
2025-08-31,5,405,1.23%,26.2
2025-09-01,10,550,1.82%,23.9
2025-09-02,13,554,2.35%,20.8
2025-09-03,14,655,2.14%,23.6
2025-09-04,5,524,0.95%,20.1
2025-09-05,10,524,1.91%,25.3
2025-09-06,6,459,1.31%,24.6
2025-09-07,7,469,1.49%,25.6
2025-09-08,12,459,2.61%,17
2025-09-09,10,541,1.85%,20.8
2025-09-10,6,446,1.35%,18.5
2025-09-11,7,484,1.45%,17.5
2025-09-12,11,310,3.55%,15
2025-09-13,4,177,2.26%,10.5
2025-09-14,5,245,2.04%,12.7
2025-09-15,7,325,2.15%,10.5
2025-09-16,9,345,2.61%,10.4
2025-09-17,7,426,1.64%,10.6
2025-09-18,8,358,2.23%,9.8
2025-09-19,17,306,5.56%,10.1
2025-09-20,9,223,4.04%,12.3
2025-09-21,2,258,0.78%,14.2
2025-09-22,9,343,2.62%,10.6
2025-09-23,12,393,3.05%,10.8
2025-09-24,9,351,2.56%,10.6
2025-09-25,9,422,2.13%,11.8
2025-09-26,10,326,3.07%,9.5
2025-09-27,8,235,3.4%,14.5
2025-09-28,1,160,0.62%,12.5
2025-09-29,7,339,2.06%,11.5
2025-09-30,16,288,5.56%,10.7
2025-10-01,5,252,1.98%,11.9
2025-10-02,6,223,2.69%,13.1
2025-10-03,2,250,0.8%,11.2
2025-10-04,1,163,0.61%,12.5
2025-10-05,4,221,1.81%,12.6
2025-10-06,8,266,3.01%,11.6
2025-10-07,5,269,1.86%,11.2
2025-10-08,6,247,2.43%,12.5
2025-10-09,11,345,3.19%,11.2
2025-10-10,5,233,2.15%,12.6
2025-10-11,2,217,0.92%,13.6
2025-10-12,2,167,1.2%,13.3
2025-10-13,8,299,2.68%,12.3
2025-10-14,2,279,0.72%,11.2
2025-10-15,11,304,3.62%,12.4
2025-10-16,3,258,1.16%,11.7
2025-10-17,2,220,0.91%,13.6
2025-10-18,4,135,2.96%,15.2
2025-10-19,1,151,0.66%,14.6
2025-10-20,2,165,1.21%,15.8
2025-10-21,6,262,2.29%,12.2
2025-10-22,7,225,3.11%,12.7
2025-10-23,12,245,4.9%,15.1
2025-10-24,8,186,4.3%,12.8
2025-10-25,6,181,3.31%,15
2025-10-26,2,155,1.29%,13.4
2025-10-27,3,260,1.15%,11.4
2025-10-28,9,297,3.03%,10.8
2025-10-29,9,275,3.27%,11.6
2025-10-30,10,247,4.05%,12.1
2025-10-31,5,195,2.56%,11.7
2025-11-01,3,194,1.55%,14.8
2025-11-02,1,149,0.67%,13.9
2025-11-03,7,322,2.17%,10.9
2025-11-04,5,288,1.74%,13
2025-11-05,6,230,2.61%,10.8
2025-11-06,11,233,4.72%,15
2025-11-07,3,204,1.47%,12
2025-11-08,3,148,2.03%,12
2025-11-09,7,206,3.4%,12.4
2025-11-10,8,250,3.2%,9.6
2025-11-11,4,247,1.62%,11.5
2025-11-12,11,230,4.78%,10.3
2025-11-13,10,287,3.48%,11.3
2025-11-14,5,204,2.45%,13.1
2025-11-15,1,148,0.68%,12.7
2025-11-16,7,135,5.19%,14.6
2025-11-17,6,213,2.82%,13.1
2025-11-18,7,235,2.98%,10.6
2025-11-19,12,349,3.44%,14.6
2025-11-20,6,301,1.99%,17.4
2025-11-21,7,319,2.19%,14.2
2025-11-22,1,201,0.5%,17.8
2025-11-23,3,249,1.2%,14.9
2025-11-24,7,318,2.2%,14.7
2025-11-25,6,351,1.71%,17.8
2025-11-26,8,302,2.65%,17
2025-11-27,3,375,0.8%,17.4
2025-11-28,7,276,2.54%,15.4
2025-11-29,10,279,3.58%,17.4
2025-11-30,9,215,4.19%,16.6
2025-12-01,7,389,1.8%,15.5
2025-12-02,8,343,2.33%,17.1
2025-12-03,11,376,2.93%,16.3
2025-12-04,6,325,1.85%,17.6
2025-12-05,6,349,1.72%,18.5
2025-12-06,4,237,1.69%,18.1
2025-12-07,6,268,2.24%,18.8
2025-12-08,10,334,2.99%,18.6
2025-12-09,7,318,2.2%,14.8
2025-12-10,7,317,2.21%,14.5
2025-12-11,2,380,0.53%,13.3
2025-12-12,8,331,2.42%,15.6
2025-12-13,4,264,1.52%,19.9
2025-12-14,3,195,1.54%,14.7
2025-12-15,9,362,2.49%,14.8
2025-12-16,5,369,1.36%,17.7
2025-12-17,8,392,2.04%,14.8
2025-12-18,9,392,2.3%,15.2
2025-12-19,5,349,1.43%,17.5
2025-12-20,3,257,1.17%,19
2025-12-21,5,318,1.57%,19.1
2025-12-22,17,446,3.81%,15
2025-12-23,6,470,1.28%,14.3
2025-12-24,10,399,2.51%,16.2
2025-12-25,4,378,1.06%,18
2025-12-26,9,359,2.51%,15.2
2025-12-27,4,254,1.57%,17.9
2025-12-28,0,277,0%,17.3
2025-12-29,7,413,1.69%,14.4
2025-12-30,8,410,1.95%,12.7
2025-12-31,9,325,2.77%,14.5
2026-01-01,9,328,2.74%,16
2026-01-02,13,383,3.39%,16.3
2026-01-03,1,304,0.33%,18.4
2026-01-04,7,334,2.1%,15.7
2026-01-05,8,453,1.77%,13
2026-01-06,10,493,2.03%,14.7
2026-01-07,6,546,1.1%,16.1
2026-01-08,5,509,0.98%,16.4
2026-01-09,4,482,0.83%,17.1
2026-01-10,7,317,2.21%,18
2026-01-11,8,408,1.96%,16.6
2026-01-12,8,486,1.65%,15.7
2026-01-13,10,504,1.98%,15.6
2026-01-14,8,447,1.79%,15.5
2026-01-15,5,596,0.84%,14
2026-01-16,10,445,2.25%,16.6
2026-01-17,10,408,2.45%,18.2
2026-01-18,7,326,2.15%,16.9
2026-01-19,18,671,2.68%,15.3
2026-01-20,6,614,0.98%,14.5
2026-01-21,14,596,2.35%,15.5
2026-01-22,14,601,2.33%,15.7
2026-01-23,12,572,2.1%,14.4
2026-01-24,11,447,2.46%,18.7
2026-01-25,6,387,1.55%,19.4
2026-01-26,9,433,2.08%,16.7
2026-01-27,12,656,1.83%,13.8
2026-01-28,11,629,1.75%,12.9
2026-01-29,9,626,1.44%,13.7
2026-01-30,11,596,1.85%,14.3
2026-01-31,7,482,1.45%,15.9
2026-02-01,7,557,1.26%,15.6
2026-02-02,15,666,2.25%,12.9
2026-02-03,14,601,2.33%,11.3
2026-02-04,11,536,2.05%,11.5
2026-02-05,7,558,1.25%,13.5
2026-02-06,13,503,2.58%,12.6
2026-02-07,10,481,2.08%,14.4
2026-02-08,8,372,2.15%,12.5
2026-02-09,8,551,1.45%,14.5
2026-02-10,13,587,2.21%,10.5
2026-02-11,11,658,1.67%,11.6
2026-02-12,13,596,2.18%,13.1
2026-02-13,13,628,2.07%,11
2026-02-14,5,413,1.21%,10.6
2026-02-15,8,503,1.59%,13.7
2026-02-16,24,798,3.01%,10.7
2026-02-17,15,740,2.03%,11.5
2026-02-18,21,702,2.99%,11.7
2026-02-19,21,821,2.56%,10.8
2026-02-20,15,533,2.81%,11.5
2026-02-21,11,380,2.89%,13
2026-02-22,2,396,0.51%,12.6
2026-02-23,19,570,3.33%,11.1
2026-02-24,14,537,2.61%,10.5
2026-02-25,12,564,2.13%,10.8
2026-02-26,16,600,2.67%,11.2
2026-02-27,15,669,2.24%,11.6
2026-02-28,10,368,2.72%,10.6
2026-03-01,5,452,1.11%,12
2026-03-02,18,567,3.17%,11.7
2026-03-03,15,521,2.88%,11.2
2026-03-04,11,525,2.1%,8.7
2026-03-05,23,840,2.74%,6.7
2026-03-06,21,692,3.03%,8.3
2026-03-07,4,503,0.8%,9.4
2026-03-08,12,425,2.82%,9.8
2026-03-09,23,696,3.3%,9.3
2026-03-10,19,729,2.61%,9.2
2026-03-11,22,707,3.11%,9.1
2026-03-12,19,645,2.95%,7.9
2026-03-13,28,756,3.7%,7.8
2026-03-14,13,624,2.08%,7.5
2026-03-15,5,537,0.93%,9.5
2026-03-16,18,724,2.49%,8.1
2026-03-17,22,755,2.91%,8.3
2026-03-18,14,719,1.95%,7.6
2026-03-19,12,670,1.79%,7.8
2026-03-20,19,613,3.1%,8.7
2026-03-21,9,491,1.83%,8.9
2026-03-22,6,464,1.29%,8.6
2026-03-23,16,718,2.23%,7.5
2026-03-24,25,630,3.97%,7.7
2026-03-25,22,612,3.59%,7.1
2026-03-26,20,602,3.32%,7.5
2026-03-27,27,612,4.41%,7
2026-03-28,12,376,3.19%,7.7
2026-03-29,6,402,1.49%,8
2026-03-30,14,650,2.15%,7.6
2026-03-31,10,556,1.8%,7
2026-04-01,24,629,3.82%,9.1
2026-04-02,10,646,1.55%,7.7
2026-04-03,13,484,2.69%,7.5
2026-04-04,9,345,2.61%,8.1
2026-04-05,7,347,2.02%,7.7
2026-04-06,24,542,4.43%,7.1
2026-04-07,25,780,3.21%,6.3
2026-04-08,18,680,2.65%,7.3
2026-04-09,10,574,1.74%,8.7
2026-04-10,18,577,3.12%,6.3
2026-04-11,18,394,4.57%,10.1
2026-04-12,9,382,2.36%,8.8
2026-04-13,17,698,2.44%,8.3
2026-04-14,18,663,2.71%,8.1
2026-04-15,23,664,3.46%,9.2
2026-04-16,18,658,2.74%,7.1
2026-04-17,19,607,3.13%,7.6
2026-04-18,16,413,3.87%,9.6
2026-04-19,8,385,2.08%,10.3
2026-04-20,11,606,1.82%,7.9
2026-04-21,20,653,3.06%,8.1
2026-04-22,9,560,1.61%,8.8
2026-04-23,15,540,2.78%,8.9
2026-04-24,13,527,2.47%,7.8
2026-04-25,9,347,2.59%,10.4
2026-04-26,7,319,2.19%,16.5
2026-04-27,22,634,3.47%,8.3
2026-04-28,17,594,2.86%,9.1
2026-04-29,16,591,2.71%,8.4
2026-04-30,20,546,3.66%,8.1
2026-05-01,9,417,2.16%,10.2
2026-05-02,11,343,3.21%,10.3
2026-05-03,7,350,2%,11.9
2026-05-04,14,625,2.24%,10.6
2026-05-05,14,696,2.01%,9.2
2026-05-06,19,688,2.76%,9.2
2026-05-07,13,678,1.92%,9.6
2026-05-08,16,552,2.9%,9.5
2026-05-09,2,346,0.58%,10.9
2026-05-10,11,340,3.24%,10.2
2026-05-11,14,669,2.09%,9.4
2026-05-12,13,659,1.97%,8.4
2026-05-13,26,689,3.77%,9.1
2026-05-14,12,632,1.9%,9.3
2026-05-15,19,598,3.18%,8.9
2026-05-16,11,391,2.81%,10.6
2026-05-17,10,438,2.28%,11.1
2026-05-18,17,620,2.74%,8.5
2026-05-19,16,656,2.44%,9
2026-05-20,23,697,3.3%,8.2
2026-05-21,18,638,2.82%,9
2026-05-22,22,554,3.97%,9.1
2026-05-23,7,395,1.77%,10.6
2026-05-24,7,317,2.21%,11
2026-05-25,15,707,2.12%,9.4
2026-05-26,8,594,1.35%,8.7
2026-05-27,27,683,3.95%,9.7
2026-05-28,13,582,2.23%,9.3
2026-05-29,12,513,2.34%,8.6
2026-05-30,7,381,1.84%,10.2
2026-05-31,9,304,2.96%,9.5
2026-06-01,25,761,3.29%,9.3
2026-06-02,18,636,2.83%,8.4
2026-06-03,10,678,1.47%,9.4
2026-06-04,27,701,3.85%,9.1
2026-06-05,10,523,1.91%,9.8
2026-06-06,11,353,3.12%,9.2
2026-06-07,6,328,1.83%,10.6
2026-06-08,8,616,1.3%,9.4
2026-06-09,22,636,3.46%,8.3
2026-06-10,14,638,2.19%,8.7
2026-06-11,10,709,1.41%,8.3
2026-06-12,10,553,1.81%,8.7
2026-06-13,7,376,1.86%,11.1
2026-06-14,1,337,0.3%,10.8
2026-06-15,26,719,3.62%,9.1
2026-06-16,21,697,3.01%,8.7
2026-06-17,23,779,2.95%,7.9
2026-06-18,17,728,2.34%,8.4
2026-06-19,19,590,3.22%,8.9
2026-06-20,7,334,2.1%,9.7
2026-06-21,11,408,2.7%,11.1
2026-06-22,14,661,2.12%,8.9
2026-06-23,14,645,2.17%,9.2
2026-06-24,14,629,2.23%,8.6
2026-06-25,12,747,1.61%,9.3
2026-06-26,7,495,1.41%,9.1
2026-06-27,11,401,2.74%,12.1
2026-06-28,8,328,2.44%,10.2
2026-06-29,16,653,2.45%,9.1
2026-06-30,18,643,2.8%,8.8
2026-07-01,16,654,2.45%,8
2026-07-02,17,642,2.65%,8.7
2026-07-03,18,598,3.01%,9.5
2026-07-04,10,329,3.04%,10
2026-07-05,10,364,2.75%,10.4
2026-07-06,19,691,2.75%,8.7
2026-07-07,12,678,1.77%,9
2026-07-08,11,633,1.74%,9
2026-07-09,20,680,2.94%,9
2026-07-10,19,516,3.68%,10.3
2026-07-11,9,439,2.05%,13.4
2026-07-12,5,480,1.04%,12.9
2026-07-13,21,703,2.99%,9.6
2026-07-14,15,779,1.93%,9.3
2026-07-15,23,774,2.97%,9.1
2026-07-16,19,635,2.99%,8.7
2026-07-17,27,670,4.03%,7.5
2026-07-18,17,421,4.04%,8.5
2026-07-19,6,376,1.6%,10.3
2026-07-20,14,736,1.9%,8.2
2026-07-21,18,748,2.41%,8.3
2026-07-22,21,766,2.74%,8.5
2026-07-23,22,754,2.92%,8.2
2026-07-24,12,686,1.75%,9.6
2026-07-25,8,436,1.83%,12.4
2026-07-26,5,442,1.13%,12.3