Country,Clicks,Impressions,CTR,Position
India,4333,127364,3.4%,8.81
United Arab Emirates,44,2987,1.47%,27.36
United States,36,32907,0.11%,24.31
Saudi Arabia,15,969,1.55%,14.11
Bangladesh,14,548,2.55%,17.02
United Kingdom,11,4093,0.27%,35.3
Nepal,11,250,4.4%,11.54
Germany,10,1793,0.56%,31.39
Singapore,10,975,1.03%,25.91
Kenya,9,285,3.16%,12.73
Pakistan,8,1186,0.67%,13.53
Sri Lanka,8,940,0.85%,8.09
Thailand,8,503,1.59%,19.38
Canada,7,3238,0.22%,28.5
South Korea,7,2715,0.26%,30.52
Australia,7,1271,0.55%,28.24
Netherlands,7,1260,0.56%,36.65
China,6,218,2.75%,8.03
Malaysia,5,856,0.58%,19.01
Egypt,5,524,0.95%,21.44
Taiwan,5,496,1.01%,27.02
Greece,5,255,1.96%,12.31
Vietnam,4,1536,0.26%,28.21
Sweden,4,1267,0.32%,26.01
Philippines,4,1185,0.34%,17.54
Indonesia,4,983,0.41%,24.01
Belgium,4,173,2.31%,13.81
Kuwait,4,117,3.42%,13.39
Italy,3,1390,0.22%,30.31
Turkey,3,1335,0.22%,30.72
Qatar,3,230,1.3%,8.87
Norway,3,214,1.4%,14.44
Bulgaria,3,161,1.86%,20.31
Myanmar (Burma),3,77,3.9%,8.19
Mexico,2,1753,0.11%,28.32
Russia,2,1611,0.12%,41.41
Spain,2,889,0.22%,34.54
France,2,672,0.3%,26.21
Hong Kong,2,482,0.41%,10.61
Japan,2,395,0.51%,22.98
South Africa,2,377,0.53%,26.06
Ukraine,2,297,0.67%,30.02
New Zealand,2,219,0.91%,26.06
Austria,2,203,0.99%,17.85
Oman,2,199,1.01%,13.02
Peru,2,179,1.12%,22.21
Tanzania,2,135,1.48%,8.36
Dominican Republic,2,113,1.77%,23.04
Palestine,2,99,2.02%,11.35
Slovakia,2,94,2.13%,18.94
Syria,2,71,2.82%,13.04
Brazil,1,5087,0.02%,36.71
Hungary,1,2065,0.05%,43.3
Poland,1,400,0.25%,20.83
Romania,1,299,0.33%,15.2
Nigeria,1,261,0.38%,12.14
Switzerland,1,255,0.39%,19.36
Mauritius,1,197,0.51%,9.11
Chile,1,162,0.62%,29.07
Lebanon,1,152,0.66%,12.51
Iran,1,123,0.81%,24.24
Cyprus,1,115,0.87%,19.83
Ethiopia,1,114,0.88%,17.07
Estonia,1,100,1%,11.6
Algeria,1,93,1.08%,25.26
Uzbekistan,1,92,1.09%,27.49
Croatia,1,88,1.14%,15.31
Bahrain,1,85,1.18%,11.75
Tunisia,1,74,1.35%,41
Uganda,1,58,1.72%,9.97
Cambodia,1,57,1.75%,14.42
Jamaica,1,57,1.75%,29.86
Slovenia,1,48,2.08%,16.75
Moldova,1,45,2.22%,30.38
Puerto Rico,1,39,2.56%,19.31
Yemen,1,27,3.7%,9.48
Bhutan,1,25,4%,8
Mozambique,1,20,5%,15.2
Kosovo,1,20,5%,18.35
Niger,1,11,9.09%,6.36
Aruba,1,9,11.11%,9
Andorra,1,6,16.67%,22.67
South Sudan,1,5,20%,7
Haiti,1,3,33.33%,4.33
Lesotho,1,1,100%,2
Argentina,0,547,0%,28.73
Colombia,0,376,0%,27.01
Ireland,0,271,0%,37.65
Denmark,0,249,0%,23.34
Israel,0,242,0%,14.45
Ecuador,0,232,0%,33.59
Unknown Region,0,213,0%,24.89
Iraq,0,204,0%,19.71
Finland,0,200,0%,18.48
Portugal,0,163,0%,17.63
Morocco,0,159,0%,30.4
Czechia,0,143,0%,16.18
Venezuela,0,138,0%,32.72
Jordan,0,127,0%,16.34
Lithuania,0,125,0%,23.22
Ghana,0,102,0%,10.28
Kazakhstan,0,99,0%,18.11
Serbia,0,93,0%,15.43
Trinidad & Tobago,0,91,0%,25.99
Paraguay,0,82,0%,29.73
St. Lucia,0,81,0%,8.06
Guatemala,0,80,0%,19.44
Georgia,0,73,0%,19.05
Uruguay,0,73,0%,27.85
Costa Rica,0,70,0%,18.11
Panama,0,61,0%,16.02
Azerbaijan,0,59,0%,15.24
Albania,0,55,0%,22.71
Honduras,0,49,0%,20.37
Latvia,0,48,0%,14.6
Belarus,0,46,0%,28.93
Mongolia,0,43,0%,13.79
Barbados,0,41,0%,42.54
Maldives,0,39,0%,9.97
El Salvador,0,38,0%,21.68
Bahamas,0,37,0%,26.68
Bolivia,0,37,0%,30.38
Bosnia & Herzegovina,0,34,0%,23.32
Malta,0,32,0%,8.94
Zambia,0,30,0%,7.37
Guyana,0,30,0%,22.53
Iceland,0,27,0%,17.37
Senegal,0,23,0%,19.74
Kyrgyzstan,0,22,0%,16.91
Armenia,0,21,0%,22.81
Macedonia,0,20,0%,14.55
Rwanda,0,19,0%,17.05
Côte d’Ivoire,0,19,0%,25.47
Seychelles,0,18,0%,15.89
Congo - Kinshasa,0,18,0%,16.44
Angola,0,18,0%,21.39
Zimbabwe,0,17,0%,8.88
Macau,0,17,0%,10.59
Libya,0,17,0%,17.18
Nicaragua,0,14,0%,17
Cameroon,0,14,0%,25.57
Faroe Islands,0,13,0%,9.38
Suriname,0,13,0%,12.08
Madagascar,0,12,0%,17.42
Botswana,0,12,0%,25.75
Afghanistan,0,11,0%,6.36
Congo - Brazzaville,0,11,0%,17.64
Laos,0,11,0%,26.18
Cayman Islands,0,11,0%,35.18
Brunei,0,10,0%,9.1
Somalia,0,10,0%,16.7
Belize,0,10,0%,18.9
Montenegro,0,9,0%,8.89
Luxembourg,0,9,0%,15.56
Cape Verde,0,9,0%,33.33
Cuba,0,8,0%,8.75
Turkmenistan,0,8,0%,12.75
Fiji,0,8,0%,14
Gabon,0,8,0%,27
Burkina Faso,0,8,0%,33.75
Namibia,0,7,0%,5.57
St. Kitts & Nevis,0,7,0%,11.57
Curaçao,0,7,0%,20.57
Tajikistan,0,6,0%,18.17
Jersey,0,6,0%,19.33
Benin,0,6,0%,25.33
St. Vincent & Grenadines,0,6,0%,47.5
Sierra Leone,0,5,0%,5.8
Guinea,0,5,0%,7
Papua New Guinea,0,5,0%,7.6
Swaziland,0,4,0%,6.25
Malawi,0,4,0%,7.75
Monaco,0,4,0%,8.25
Liechtenstein,0,4,0%,11
Guam,0,4,0%,11.25
Turks & Caicos Islands,0,4,0%,25.25
U.S. Virgin Islands,0,4,0%,36.25
Togo,0,3,0%,5.67
Tonga,0,3,0%,5.67
Chad,0,3,0%,7.33
Sudan,0,3,0%,8.33
Marshall Islands,0,3,0%,10
Dominica,0,3,0%,12.33
Grenada,0,3,0%,20.33
Guadeloupe,0,3,0%,39.67
Isle of Man,0,3,0%,43.67
Réunion,0,3,0%,47
Bermuda,0,3,0%,49.67
Equatorial Guinea,0,2,0%,3
Central African Republic,0,2,0%,7.5
Gambia,0,2,0%,18
Timor-Leste,0,2,0%,22
French Polynesia,0,2,0%,29.5
Sint Maarten,0,2,0%,73
Åland Islands,0,1,0%,1
Liberia,0,1,0%,3
Cook Islands,0,1,0%,4
Comoros,0,1,0%,4
Vanuatu,0,1,0%,5
Burundi,0,1,0%,9
Western Sahara,0,1,0%,9
Guernsey,0,1,0%,9
Samoa,0,1,0%,9
Greenland,0,1,0%,10
Eritrea,0,1,0%,11
Mali,0,1,0%,12
Northern Mariana Islands,0,1,0%,12
Antigua & Barbuda,0,1,0%,14
San Marino,0,1,0%,15
Nauru,0,1,0%,34
Montserrat,0,1,0%,40
British Virgin Islands,0,1,0%,82
Djibouti,0,1,0%,92
Martinique,0,1,0%,92