Top pages,Clicks,Impressions,CTR,Position
https://www.aplustechsol.com/,1829,28367,6.45%,11.73
https://www.aplustechsol.com/samsung-hotel-tv/samsung-hotel-tv-hg55u701f/,277,5298,5.23%,5.27
https://www.aplustechsol.com/contact-us/,118,9781,1.21%,6.97
https://www.aplustechsol.com/samsung-business-tv/samsung-business-tv-befx-h2/,105,4566,2.3%,6.33
https://www.aplustechsol.com/samsung-smart-signage/samsung-smart-signage-display-qet-series/,103,7842,1.31%,10.88
https://www.aplustechsol.com/bangalore/,102,1564,6.52%,8.39
https://www.aplustechsol.com/distributor/,94,2219,4.24%,13.48
https://www.aplustechsol.com/samsung-business-tv/samsung-business-tv-be85f-h2/,72,1780,4.04%,5.48
https://www.aplustechsol.com/chennai/,56,1655,3.38%,9.03
https://www.aplustechsol.com/samsung-interactive-display/samsung-interactive-display-flip-pro-wm85b/,55,5545,0.99%,17.06
https://www.aplustechsol.com/samsung-hotel-tv/samsung-hotel-tv-4k-uhd-crystal-hgbu800/,47,5692,0.83%,29.57
https://www.aplustechsol.com/samsung-smart-signage/samsung-signage-display-qbc-series/,46,8973,0.51%,20.42
https://www.aplustechsol.com/samsung-business-tv/samsung-business-tv-uhd-crystal-4k-bec-h/,46,6461,0.71%,21.28
https://www.odisha.aplustechsol.com/,40,2413,1.66%,8.25
https://www.aplustechsol.com/delhi/,40,1039,3.85%,12.15
https://www.aplustechsol.com/kochi/,38,737,5.16%,12.81
https://www.aplustechsol.com/samsung-interactive-display/samsung-interactive-display-flip-2-0/,30,6145,0.49%,24.08
https://www.aplustechsol.com/samsung-interactive-display/samsung-interactive-display-flip-3/,29,9520,0.3%,19.09
https://www.aplustechsol.com/samsung-smart-signage/samsung-signage-display-crystal-uhd-qmc-series/,26,7775,0.33%,22.17
https://www.aplustechsol.com/bhubaneswar/,23,553,4.16%,5.59
https://www.aplustechsol.com/about-us/,22,3558,0.62%,3.7
https://www.aplustechsol.com/products/,21,5794,0.36%,7.27
https://www.aplustechsol.com/indore/,20,346,5.78%,12.03
https://www.aplustechsol.com/samsung-interactive-display/samsung-interactive-display-flip-pro/,18,3140,0.57%,35.15
https://www.aplustechsol.com/blog/complete-guide-to-samsung-smart-signage-solutions/,17,7787,0.22%,25.51
https://www.aplustechsol.com/video-wall/samsung-videowall-display-vmb-u-series/,17,1870,0.91%,23.31
https://www.aplustechsol.com/video-wall/,16,7669,0.21%,14.3
https://www.aplustechsol.com/samsung-smart-signage/samsung-commercial-display-qh115fx/,15,2030,0.74%,9.19
https://www.aplustechsol.com/samsung-interactive-display/samsung-interactive-display-wa86f/,15,1505,1%,7.85
https://www.aplustechsol.com/samsung-business-tv/,14,4931,0.28%,11.94
https://www.aplustechsol.com/samsung-smart-signage/,14,1384,1.01%,15.21
https://www.aplustechsol.com/ghaziabad/samsung-65-inch-interactive-display-waf-series/,14,758,1.85%,7.89
https://www.aplustechsol.com/delhi/samsung-business-tv-befx-h2/,14,689,2.03%,7.52
https://www.aplustechsol.com/our-presence/,13,3990,0.33%,5.19
https://www.aplustechsol.com/delhi/samsung-vm55ce/,13,937,1.39%,6.43
https://www.aplustechsol.com/delhi/samsung-qm32r-t/,13,352,3.69%,7.23
https://www.aplustechsol.com/samsung-hotel-tv/samsung-hotel-tv-hg75u700f/,13,331,3.93%,5.72
https://mail.aplustechsol.com/hyderabad/,12,223,5.38%,7.69
https://www.aplustechsol.com/samsung-smart-signage/samsung-signage-display-qhc-series-high-brightness-uhd/,11,4356,0.25%,20.16
https://www.aplustechsol.com/samsung-interactive-display/samsung-interactive-display-flip-android/,11,2446,0.45%,28.61
https://mail.aplustechsol.com/kolkata/,11,236,4.66%,5.26
https://www.aplustechsol.com/jaipur/,11,226,4.87%,8.33
https://www.aplustechsol.com/bangalore/samsung-hotel-tv-hg55u701f/,10,442,2.26%,6.13
https://www.aplustechsol.com/indore/samsung-interactive-display-flip-2-0/,10,407,2.46%,28.6
https://www.aplustechsol.com/ahmedabad/samsung-signage-display-qbc-series/,10,314,3.18%,20.94
https://www.aplustechsol.com/pune/,10,310,3.23%,9.45
https://www.aplustechsol.com/samsung-smart-signage/samsung-small-display-full-hd-qbr-b-series/,9,2652,0.34%,14.24
https://www.aplustechsol.com/bangalore/samsung-interactive-display-flip-pro-wm85b/,9,999,0.9%,10.07
https://www.aplustechsol.com/ahmedabad/samsung-interactive-display-flip-pro/,9,215,4.19%,14.21
https://www.aplustechsol.com/navi-mumbai/samsung-interactive-display-flip-3/,9,213,4.23%,9.23
https://www.aplustechsol.com/chandigarh/,9,181,4.97%,12.53
https://www.aplustechsol.com/vadodara/,9,167,5.39%,15.59
https://www.aplustechsol.com/samsung-interactive-display/samsung-interactive-display-flip-pro-wm55b/,8,1724,0.46%,31.16
https://www.aplustechsol.com/ghaziabad/samsung-hotel-tv-4k-uhd-crystal-hgbu800/,8,982,0.81%,10.4
https://www.aplustechsol.com/bhubaneswar/samsung-wm65r/,8,427,1.87%,7.68
https://www.aplustechsol.com/bangalore/samsung-signage-display-crystal-uhd-qmc-series/,8,254,3.15%,20.43
https://www.aplustechsol.com/navi-mumbai/samsung-65-inch-interactive-display-waf-series/,8,209,3.83%,8.85
https://www.aplustechsol.com/lucknow/samsung-interactive-display-flip-3/,8,198,4.04%,11.5
https://www.aplustechsol.com/patna/,8,160,5%,10.93
https://www.aplustechsol.com/touch-display/samsung-smart-signage-with-full-hd-touch-display/,7,2383,0.29%,34.47
https://www.aplustechsol.com/video-wall/samsung-video-wall-display-extreme-narrow-bezel-vmb-e-series/,7,1338,0.52%,38.32
https://www.aplustechsol.com/suppliers/samsung-qm65c/,7,629,1.11%,8.46
https://www.aplustechsol.com/gurgaon/,7,366,1.91%,5.63
https://www.aplustechsol.com/mumbai/samsung-qm65c/,7,330,2.12%,7.92
https://www.aplustechsol.com/kolkata/samsung-interactive-display-flip-pro-wm55b/,7,208,3.37%,7.11
https://www.aplustechsol.com/kolkata/,7,161,4.35%,4.66
https://www.aplustechsol.com/coimbatore/samsung-interactive-display-flip-pro/,7,106,6.6%,8.97
https://www.aplustechsol.com/mumbai/samsung-wm75b/,7,105,6.67%,7.7
https://www.aplustechsol.com/delhi/samsung-qm98c/,6,2041,0.29%,8.18
https://www.aplustechsol.com/delhi/samsung-qb75c/,6,1084,0.55%,8.51
https://www.aplustechsol.com/samsung-smart-signage/samsung-commercial-display-qpdx105/,6,690,0.87%,8.71
https://www.aplustechsol.com/delhi/samsung-qm75c/,6,536,1.12%,8.33
https://www.aplustechsol.com/bangalore/samsung-signage-display-qhc-series-high-brightness-uhd/,6,356,1.69%,42.82
https://www.aplustechsol.com/samsung-hotel-tv/samsung-hotel-tv-hg85u800f/,6,352,1.7%,6.7
https://www.aplustechsol.com/kochi/samsung-smart-signage-display-qet-series/,6,294,2.04%,20.94
https://www.aplustechsol.com/pune/samsung-vm55cr/,6,228,2.63%,5.92
https://www.aplustechsol.com/delhi/samsung-qb55cn/,6,148,4.05%,4.81
https://www.aplustechsol.com/delhi/samsung-business-tv-be85f-h2/,6,142,4.23%,5.42
https://www.aplustechsol.com/siliguri/samsung-vm55cr/,6,131,4.58%,8.01
https://www.aplustechsol.com/visakhapatnam/,6,126,4.76%,9.04
https://www.aplustechsol.com/kochi/samsung-wm65b/,6,121,4.96%,8.38
https://www.aplustechsol.com/bangalore/samsung-qb43c/,6,108,5.56%,7.05
https://www.aplustechsol.com/ahmedabad/samsung-signage-display-crystal-uhd-qmc-series/,6,79,7.59%,10.73
https://www.aplustechsol.com/hyderabad/samsung-wm65b/,6,68,8.82%,7.06
https://www.aplustechsol.com/hyderabad/,6,52,11.54%,7.38
https://www.aplustechsol.com/blog/samsung-hospitality-tv-hgbu800/,5,1621,0.31%,42.07
https://www.aplustechsol.com/bhiwandi/samsung-qb65c/,5,1282,0.39%,7.9
https://www.aplustechsol.com/bangalore/samsung-qm65c/,5,886,0.56%,8.54
https://www.aplustechsol.com/indore/samsung-qb85c/,5,830,0.6%,8.84
https://www.aplustechsol.com/distributor/samsung-signage-display-crystal-uhd-qmc-series/,5,718,0.7%,24.65
https://www.aplustechsol.com/bangalore/samsung-interactive-display-flip-2-0/,5,508,0.98%,18.6
https://www.aplustechsol.com/gurgaon/samsung-interactive-display-flip-pro-wm55b/,5,476,1.05%,11.18
https://www.aplustechsol.com/pune/samsung-interactive-display-flip-2-0/,5,300,1.67%,26.66
https://www.aplustechsol.com/chennai/samsung-interactive-display-flip-pro-wm85b/,5,299,1.67%,9.91
https://www.aplustechsol.com/delhi/samsung-wm75a/,5,246,2.03%,7.97
https://www.aplustechsol.com/chandigarh/samsung-interactive-display-flip-pro/,5,195,2.56%,20.02
https://www.aplustechsol.com/mangalore/samsung-smart-signage-with-full-hd-touch-display/,5,133,3.76%,13.46
https://www.aplustechsol.com/pune/samsung-qb55c/,5,132,3.79%,7.43
https://www.aplustechsol.com/jabalpur/,5,129,3.88%,29
https://www.aplustechsol.com/ahmedabad/samsung-smart-signage-with-compact-touch-display/,5,65,7.69%,13.28
https://www.aplustechsol.com/dehradun/samsung-interactive-display-flip-pro/,5,47,10.64%,13.02
https://www.aplustechsol.com/samsung-hotel-tv/,4,2322,0.17%,23.94
https://www.aplustechsol.com/delhi/samsung-business-tv-uhd-crystal-4k-bec-h/,4,738,0.54%,17.33
https://www.aplustechsol.com/video-wall/samsung-55-inch-fhd-video-wall-display-vhc-e-series/,4,605,0.66%,35.26
https://www.aplustechsol.com/blog/benefits-of-using-samsung-business-tv-uhd-crystal-4k-for-your-office/,4,587,0.68%,13.03
https://www.aplustechsol.com/touch-display/samsung-smart-signage-with-compact-touch-display/,4,546,0.73%,42.97
https://www.aplustechsol.com/delhi/samsung-interactive-display-flip-pro-wm55b/,4,445,0.9%,13.77
https://www.aplustechsol.com/chennai/samsung-business-tv-uhd-crystal-4k-bec-h/,4,356,1.12%,15.76
https://www.aplustechsol.com/chennai/samsung-signage-display-crystal-uhd-qmc-series/,4,341,1.17%,27.81
https://www.aplustechsol.com/bhiwandi/,4,307,1.3%,13.23
https://www.aplustechsol.com/thiruvananthapuram/samsung-hotel-tv-4k-uhd-crystal-hgbu800/,4,234,1.71%,9.83
https://www.aplustechsol.com/navi-mumbai/samsung-interactive-display-flip-pro-wm85b/,4,177,2.26%,8.86
https://www.aplustechsol.com/navi-mumbai/samsung-smart-signage-with-full-hd-touch-display/,4,156,2.56%,44.19
https://www.aplustechsol.com/samsung-smart-signage/samsung-led-display-mp016f/,4,129,3.1%,4.69
https://www.aplustechsol.com/pune/samsung-qh43r/,4,128,3.12%,6.91
https://www.aplustechsol.com/jaipur/samsung-smart-signage-with-full-hd-touch-display/,4,121,3.31%,10.5
https://www.aplustechsol.com/coimbatore/samsung-smart-signage-display-qet-series/,4,108,3.7%,11.86
https://www.aplustechsol.com/pune/samsung-qb43c/,4,94,4.26%,8.01
https://www.aplustechsol.com/vadodara/samsung-vm55cr/,4,77,5.19%,8.92
https://www.aplustechsol.com/delhi/samsung-hg50bu800/,4,69,5.8%,7.1
https://www.aplustechsol.com/bhubaneswar/samsung-signage-display-qbc-series/,4,68,5.88%,18.28
https://www.aplustechsol.com/bangalore/samsung-wa65d/,4,66,6.06%,6.27
https://www.aplustechsol.com/vadodara/samsung-signage-display-qbc-series/,4,65,6.15%,14.22
https://www.aplustechsol.com/chandigarh/samsung-wa65d/,4,57,7.02%,8.02
https://www.aplustechsol.com/guwahati/samsung-wm75a/,4,48,8.33%,9.31
https://www.aplustechsol.com/ahmedabad/samsung-business-tv-uhd-crystal-4k-bec-h/,4,48,8.33%,17.48
https://www.aplustechsol.com/bangalore/samsung-wm75b/,4,42,9.52%,6.48
https://www.aplustechsol.com/navi-mumbai/samsung-vm55cr/,4,27,14.81%,4.59
https://www.aplustechsol.com/touch-display/,3,1314,0.23%,34.8
https://www.aplustechsol.com/search/,3,871,0.34%,2.11
https://www.aplustechsol.com/suppliers/samsung-qm98c/,3,580,0.52%,7.84
https://www.aplustechsol.com/noida/samsung-interactive-display-flip-3/,3,541,0.55%,21.16
https://www.aplustechsol.com/navi-mumbai/samsung-interactive-display-flip-pro/,3,455,0.66%,10.72
https://www.aplustechsol.com/guwahati/samsung-signage-display-qbc-series/,3,331,0.91%,32.29
https://www.belden.aplustechsol.com/,3,272,1.1%,7.46
https://www.aplustechsol.com/pune/samsung-business-tv-uhd-crystal-4k-bec-h/,3,258,1.16%,9.19
https://www.aplustechsol.com/video-wall/samsung-videowall-vhc-r/,3,226,1.33%,10.96
https://www.aplustechsol.com/ghaziabad/samsung-uhd-signage-display-qpdx-5k-series/,3,207,1.45%,7.96
https://www.aplustechsol.com/kochi/samsung-interactive-display-flip-pro/,3,194,1.55%,19.73
https://www.aplustechsol.com/delhi/samsung-qb50c/,3,192,1.56%,8.6
https://mail.aplustechsol.com/video-wall/samsung-video-wall-display-razor-thin-bezels-vh55r-series/,3,156,1.92%,17.2
https://www.aplustechsol.com/thiruvananthapuram/,3,152,1.97%,27.24
https://www.aplustechsol.com/gurgaon/samsung-interactive-display-flip-android/,3,151,1.99%,25.7
https://www.aplustechsol.com/hyderabad/samsung-hotel-tv-hg55u701f/,3,148,2.03%,5.8
https://www.aplustechsol.com/distributor/samsung-65-inch-interactive-display-waf-series/,3,141,2.13%,12.46
https://www.aplustechsol.com/bangalore/samsung-qm75c/,3,134,2.24%,6.95
https://www.aplustechsol.com/guwahati/,3,129,2.33%,11.73
https://www.aplustechsol.com/kochi/samsung-vm55cr/,3,119,2.52%,9.85
https://www.aplustechsol.com/indore/samsung-signage-display-qbc-series/,3,110,2.73%,32.78
https://www.aplustechsol.com/coimbatore/,3,109,2.75%,8.68
https://www.aplustechsol.com/navi-mumbai/samsung-wm85b/,3,108,2.78%,10.33
https://www.aplustechsol.com/greater-noida/samsung-hotel-tv-hg55u701f/,3,102,2.94%,8
https://www.aplustechsol.com/ahmedabad/samsung-interactive-display-flip-pro-wm85b/,3,101,2.97%,9.15
https://www.aplustechsol.com/bhubaneswar/samsung-interactive-display-flip-pro/,3,95,3.16%,15.65
https://www.aplustechsol.com/bangalore/samsung-qb55c/,3,89,3.37%,5.79
https://www.aplustechsol.com/jamshedpur/samsung-hotel-tv-hg55u701f/,3,84,3.57%,7.15
https://www.aplustechsol.com/bhopal/samsung-smart-signage-display-qet-series/,3,82,3.66%,19.51
https://www.aplustechsol.com/jodhpur/samsung-wa75c/,3,81,3.7%,8.68
https://www.aplustechsol.com/bhubaneswar/samsung-interactive-display-flip-2-0/,3,77,3.9%,8.97
https://www.aplustechsol.com/raipur/samsung-interactive-display-flip-pro/,3,70,4.29%,13.49
https://www.aplustechsol.com/distributor/samsung-qb55c/,3,65,4.62%,5.42
https://www.aplustechsol.com/coimbatore/samsung-qh43r/,3,59,5.08%,8.41
https://www.aplustechsol.com/ludhiana/samsung-interactive-display-flip-3/,3,57,5.26%,16.75
https://www.aplustechsol.com/siliguri/samsung-wm75b/,3,54,5.56%,7.65
https://www.aplustechsol.com/hyderabad/samsung-qb75c/,3,51,5.88%,8.08
https://www.aplustechsol.com/hyderabad/samsung-qb85c/,3,49,6.12%,6.2
https://www.aplustechsol.com/indore/samsung-vm55bu/,3,45,6.67%,8.18
https://www.aplustechsol.com/siliguri/,3,43,6.98%,13.56
https://www.aplustechsol.com/solapur/samsung-hotel-tv-hg85u800f/,3,41,7.32%,6.05
https://www.aplustechsol.com/mangalore/samsung-interactive-display-flip-3/,3,40,7.5%,9.38
https://www.aplustechsol.com/hyderabad/samsung-qb43c/,3,28,10.71%,6.93
https://www.aplustechsol.com/navi-mumbai/samsung-qb65c/,3,28,10.71%,8.43
https://www.aplustechsol.com/navi-mumbai/samsung-video-wall-display-extreme-narrow-bezel-vmb-e-series/,3,23,13.04%,7.43
https://www.aplustechsol.com/bangalore/samsung-qb75c/,3,10,30%,5.1
https://www.aplustechsol.com/kalyan/samsung-qb55c/,2,434,0.46%,9.17
https://www.aplustechsol.com/bhubaneswar/samsung-wm85a/,2,377,0.53%,7.36
https://www.aplustechsol.com/samsung-interactive-display/,2,334,0.6%,23.9
https://www.aplustechsol.com/delhi/samsung-qm65c/,2,324,0.62%,8.01
https://www.aplustechsol.com/delhi/samsung-hotel-tv-hg55u701f/,2,324,0.62%,8.02
https://www.aplustechsol.com/noida/samsung-signage-display-qbc-series/,2,270,0.74%,24.49
https://www.aplustechsol.com/terms-and-conditions/,2,217,0.92%,10.46
https://www.aplustechsol.com/delhi/samsung-interactive-display-flip-pro-wm85b/,2,201,1%,8.43
https://www.aplustechsol.com/indore/samsung-vm55cr/,2,176,1.14%,6.09
https://www.aplustechsol.com/bangalore/samsung-interactive-display-flip-pro-wm55b/,2,164,1.22%,35.57
https://www.aplustechsol.com/delhi/samsung-vm55cr/,2,162,1.23%,5.97
https://www.aplustechsol.com/video-wall/samsung-videowall-vmc-r/,2,151,1.32%,8.78
https://www.aplustechsol.com/raipur/,2,139,1.44%,8.85
https://www.aplustechsol.com/pune/samsung-small-display-full-hd-qbr-b-series/,2,133,1.5%,8.95
https://www.aplustechsol.com/bhopal/samsung-interactive-display-flip-pro/,2,124,1.61%,11.26
https://www.aplustechsol.com/pune/samsung-interactive-display-flip-pro/,2,121,1.65%,16.19
https://www.aplustechsol.com/exporters/samsung-qm75c/,2,119,1.68%,8.33
https://www.aplustechsol.com/bhubaneswar/samsung-wa75c/,2,105,1.9%,7.91
https://www.aplustechsol.com/madurai/samsung-interactive-display-flip-pro-wm85b/,2,103,1.94%,8.13
https://www.aplustechsol.com/coimbatore/samsung-uhd-signage-display-qpdx-5k-series/,2,101,1.98%,9.38
https://www.aplustechsol.com/delhi/samsung-wm65b/,2,96,2.08%,10.08
https://www.aplustechsol.com/suppliers/samsung-wa75d/,2,95,2.11%,7.66
https://www.aplustechsol.com/navi-mumbai/samsung-wad-interactive-display-android-os/,2,94,2.13%,13.22
https://www.aplustechsol.com/nagpur/samsung-interactive-display-flip-pro/,2,89,2.25%,14.27
https://www.aplustechsol.com/coimbatore/samsung-65-inch-interactive-display-waf-series/,2,86,2.33%,7.7
https://www.aplustechsol.com/bhopal/samsung-interactive-display-flip-2-0/,2,85,2.35%,7.76
https://www.aplustechsol.com/srinagar/,2,83,2.41%,16.18
https://www.aplustechsol.com/chennai/samsung-hotel-tv-hg55u701f/,2,80,2.5%,7.39
https://www.aplustechsol.com/bhopal/,2,79,2.53%,17.05
https://www.aplustechsol.com/indore/samsung-qb43c/,2,78,2.56%,9.37
https://www.aplustechsol.com/vadodara/samsung-qb50c/,2,75,2.67%,7.73
https://www.aplustechsol.com/rajkot/samsung-interactive-display-flip-3/,2,75,2.67%,10.56
https://www.aplustechsol.com/indore/samsung-qb24c/,2,70,2.86%,8.04
https://www.aplustechsol.com/bangalore/samsung-interactive-display-flip-3/,2,70,2.86%,8.67
https://www.aplustechsol.com/bangalore/samsung-qe55t/,2,68,2.94%,7.75
https://www.aplustechsol.com/jalandhar/,2,67,2.99%,10.97
https://www.aplustechsol.com/gorakhpur/samsung-wm65b/,2,64,3.12%,8.36
https://www.aplustechsol.com/jaipur/samsung-interactive-display-flip-2-0/,2,63,3.17%,14.78
https://www.aplustechsol.com/srinagar/samsung-interactive-display-flip-pro/,2,58,3.45%,10.66
https://www.aplustechsol.com/vijayawada/,2,55,3.64%,18.91
https://www.aplustechsol.com/distributor/samsung-business-tv-befx-h2/,2,54,3.7%,6.46
https://www.aplustechsol.com/noida/samsung-interactive-display-flip-android/,2,54,3.7%,20.65
https://www.aplustechsol.com/siliguri/samsung-hg50bu800/,2,51,3.92%,7.67
https://www.aplustechsol.com/jaipur/samsung-wm65b/,2,50,4%,6.82
https://www.aplustechsol.com/indore/samsung-wm75a/,2,50,4%,7.04
https://www.aplustechsol.com/kochi/samsung-qb65c/,2,50,4%,7.58
https://www.aplustechsol.com/patna/samsung-signage-display-qbc-series/,2,49,4.08%,11.57
https://www.aplustechsol.com/kanpur/samsung-signage-display-crystal-uhd-qmc-series/,2,48,4.17%,12.67
https://www.aplustechsol.com/distributor/samsung-qm32r-t/,2,46,4.35%,8.61
https://www.aplustechsol.com/ranchi/samsung-wm65b/,2,46,4.35%,8.63
https://www.aplustechsol.com/noida/samsung-vm55bu/,2,45,4.44%,6.42
https://www.aplustechsol.com/ahmedabad/samsung-smart-signage-display-qet-series/,2,44,4.55%,26.41
https://www.aplustechsol.com/delhi/samsung-qb24c/,2,43,4.65%,5.93
https://mail.aplustechsol.com/hyderabad/samsung-signage-display-crystal-uhd-qmc-series/,2,42,4.76%,10
https://www.aplustechsol.com/kanpur/samsung-interactive-display-flip-pro/,2,42,4.76%,15.67
https://www.aplustechsol.com/visakhapatnam/samsung-interactive-display-flip-2-0/,2,42,4.76%,40.02
https://mail.aplustechsol.com/dehradun/,2,41,4.88%,8.71
https://www.aplustechsol.com/gurgaon/samsung-qb65c/,2,40,5%,8.75
https://www.aplustechsol.com/hyderabad/samsung-qb65c/,2,38,5.26%,7.61
https://www.aplustechsol.com/bareilly/samsung-qb55c/,2,36,5.56%,7.86
https://www.aplustechsol.com/gurgaon/samsung-wm85b/,2,35,5.71%,7.09
https://www.aplustechsol.com/gulbarga/samsung-wm75a/,2,34,5.88%,7.74
https://www.aplustechsol.com/siliguri/samsung-wa75c/,2,34,5.88%,8.85
https://www.aplustechsol.com/mumbai/samsung-qb50c/,2,33,6.06%,6.3
https://www.aplustechsol.com/bhubaneswar/samsung-qb43c/,2,32,6.25%,9.16
https://www.aplustechsol.com/vadodara/samsung-wm75b/,2,32,6.25%,9.41
https://www.aplustechsol.com/gurgaon/samsung-qb55cn/,2,31,6.45%,7
https://www.aplustechsol.com/bhubaneswar/samsung-interactive-display-flip-android/,2,31,6.45%,12.06
https://www.aplustechsol.com/jaipur/samsung-wa75d/,2,29,6.9%,5.07
https://www.aplustechsol.com/indore/samsung-qb50c/,2,29,6.9%,8.31
https://www.aplustechsol.com/chandigarh/samsung-65-inch-interactive-display-waf-series/,2,29,6.9%,12
https://www.aplustechsol.com/jamnagar/samsung-smart-signage-with-full-hd-touch-display/,2,29,6.9%,23.28
https://www.aplustechsol.com/coimbatore/samsung-qm65c/,2,28,7.14%,5.86
https://www.aplustechsol.com/kochi/samsung-qm32r-t/,2,27,7.41%,9.04
https://www.aplustechsol.com/kalyan/samsung-hotel-tv-hg75u700f/,2,25,8%,5.92
https://www.aplustechsol.com/thane/samsung-qb50c/,2,25,8%,7.56
https://www.aplustechsol.com/amritsar/samsung-wa75c/,2,25,8%,13.92
https://www.aplustechsol.com/chandigarh/samsung-video-wall-display-extreme-narrow-bezel-vmb-e-series/,2,24,8.33%,14.46
https://www.aplustechsol.com/kochi/samsung-video-wall-display-extreme-narrow-bezel-vmb-e-series/,2,24,8.33%,16.29
https://www.aplustechsol.com/suppliers/samsung-wm55r/,2,23,8.7%,6.61
https://www.aplustechsol.com/chandigarh/samsung-vm55cr/,2,23,8.7%,9.87
https://www.aplustechsol.com/visakhapatnam/samsung-wa65d/,2,22,9.09%,8.09
https://www.aplustechsol.com/coimbatore/samsung-video-wall-display-extreme-narrow-bezel-vmb-e-series/,2,22,9.09%,12.27
https://www.aplustechsol.com/pune/samsung-wm65b/,2,21,9.52%,6.86
https://www.aplustechsol.com/gurgaon/samsung-qb13rt/,2,20,10%,5.25
https://mail.aplustechsol.com/kolkata/samsung-65-inch-interactive-display-waf-series/,2,19,10.53%,6.84
https://www.aplustechsol.com/ludhiana/samsung-qb98tb/,2,19,10.53%,8.21
https://www.aplustechsol.com/tiruchirappalli/samsung-interactive-display-flip-pro/,2,19,10.53%,28.84
https://www.aplustechsol.com/kochi/samsung-wa75c/,2,18,11.11%,9.39
https://www.aplustechsol.com/kochi/samsung-qh43r/,2,17,11.76%,8.65
https://www.aplustechsol.com/dehradun/samsung-wa75d/,2,16,12.5%,8.06
https://www.aplustechsol.com/siliguri/samsung-interactive-display-flip-3/,2,15,13.33%,8.13
https://www.aplustechsol.com/chennai/samsung-wa75c/,2,15,13.33%,8.87
https://www.aplustechsol.com/jammu/samsung-wm65b/,2,13,15.38%,7.46
https://www.aplustechsol.com/navi-mumbai/samsung-signage-display-crystal-uhd-qmc-series/,2,13,15.38%,8.85
https://www.aplustechsol.com/sangli/samsung-smart-signage-with-full-hd-touch-display/,2,13,15.38%,11.77
https://www.aplustechsol.com/bhubaneswar/samsung-wm75b/,2,13,15.38%,12.23
https://www.aplustechsol.com/bhubaneswar/samsung-smart-signage-with-full-hd-touch-display/,2,12,16.67%,8.25
https://www.aplustechsol.com/mumbai/samsung-hotel-tv-hg85u800f/,2,11,18.18%,6.45
https://www.aplustechsol.com/kota/samsung-hotel-tv-hg75u700f/,2,10,20%,4.2
https://www.aplustechsol.com/chandigarh/samsung-business-tv-be85f-h2/,2,10,20%,7.3
https://www.aplustechsol.com/chennai/samsung-hotel-tv-hg85u800f/,2,9,22.22%,3.89
https://www.aplustechsol.com/faridabad/samsung-hg50bu800/,2,7,28.57%,16.71
https://www.aplustechsol.com/mangalore/samsung-qb43c/,2,6,33.33%,8.67
https://www.aplustechsol.com/jamshedpur/samsung-wm55r/,2,4,50%,9.5
https://www.aplustechsol.com/video-wall/samsung-video-wall-display-extreme-narrow-bezel-vhb-e-series/,1,988,0.1%,41.28
https://www.aplustechsol.com/jaipur/samsung-interactive-display-flip-pro-wm85b/,1,489,0.2%,17.09
https://www.aplustechsol.com/gurgaon/samsung-qm98c/,1,420,0.24%,7.6
https://www.aplustechsol.com/noida/samsung-smart-signage-display-qet-series/,1,408,0.25%,14.28
https://www.aplustechsol.com/chennai/samsung-smart-signage-with-full-hd-touch-display/,1,387,0.26%,32.41
https://www.aplustechsol.com/faridabad/samsung-signage-display-qbc-series/,1,310,0.32%,18.9
https://www.aplustechsol.com/kalyan/samsung-qm75c/,1,308,0.32%,8.39
https://www.aplustechsol.com/salem/samsung-signage-display-qbc-series/,1,302,0.33%,43.49
https://www.aplustechsol.com/samsung-business-tv/sam,1,278,0.36%,18.15
https://www.aplustechsol.com/delhi/samsung-interactive-display-flip-pro/,1,271,0.37%,11.59
https://www.aplustechsol.com/jabalpur/samsung-interactive-display-flip-3/,1,244,0.41%,69.17
https://www.aplustechsol.com/delhi/samsung-smart-signage-display-qet-series/,1,237,0.42%,15.83
https://www.aplustechsol.com/haora/samsung-hotel-tv-4k-uhd-crystal-hgbu800/,1,230,0.43%,44.45
https://www.aplustechsol.com/delhi/samsung-signage-display-qbc-series/,1,221,0.45%,15.38
https://www.aplustechsol.com/visakhapatnam/samsung-smart-signage-display-qet-series/,1,209,0.48%,30.34
https://www.aplustechsol.com/distributor/samsung-qb85c/,1,189,0.53%,7.9
https://www.aplustechsol.com/gurgaon/samsung-interactive-display-flip-2-0/,1,185,0.54%,21.62
https://www.aplustechsol.com/delhi/samsung-wa75c/,1,181,0.55%,7.99
https://www.aplustechsol.com/distributor/samsung-60-inch-4k-business-pro-tv-bed-h-series/,1,181,0.55%,32.3
https://www.aplustechsol.com/distributor/samsung-qm98c/,1,164,0.61%,6.81
https://www.aplustechsol.com/distributor/samsung-vm55cr/,1,163,0.61%,9.64
https://www.aplustechsol.com/sangli/samsung-60-inch-4k-business-pro-tv-bed-h-series/,1,160,0.62%,52.92
https://www.aplustechsol.com/distributor/samsung-qb50c/,1,152,0.66%,10.18
https://www.aplustechsol.com/raipur/samsung-hotel-tv-hg55u701f/,1,148,0.68%,8.66
https://www.aplustechsol.com/kalyan/samsung-qm65c/,1,142,0.7%,8.37
https://www.aplustechsol.com/suppliers/samsung-vm55ce/,1,139,0.72%,8.78
https://www.aplustechsol.com/gurgaon/samsung-wm85a/,1,133,0.75%,7.79
https://www.aplustechsol.com/coimbatore/samsung-interactive-display-flip-pro-wm85b/,1,129,0.78%,8.07
https://www.aplustechsol.com/pune/samsung-65-inch-interactive-display-waf-series/,1,127,0.79%,9.07
https://www.aplustechsol.com/suppliers/samsung-interactive-display-flip-pro/,1,119,0.84%,23.76
https://www.aplustechsol.com/kalyan/samsung-qb65c/,1,118,0.85%,9.02
https://mail.aplustechsol.com/samsung-interactive-display/samsung-65-inch-interactive-display-waf-series/,1,115,0.87%,9.2
https://www.aplustechsol.com/distributor/samsung-uhd-signage-display-qpdx-5k-series/,1,113,0.88%,12.01
https://www.aplustechsol.com/indore/samsung-qb55c/,1,111,0.9%,8.98
https://www.aplustechsol.com/bhavnagar/samsung-hotel-tv-hg55u701f/,1,109,0.92%,7.41
https://www.aplustechsol.com/bangalore/samsung-business-tv-befx-h2/,1,107,0.93%,7.63
https://www.aplustechsol.com/distributor/samsung-wm85a/,1,106,0.94%,8.87
https://www.aplustechsol.com/distributor/samsung-qb13rt/,1,103,0.97%,5.27
https://www.aplustechsol.com/bangalore/samsung-qm98c/,1,103,0.97%,7.17
https://www.aplustechsol.com/tiruchirappalli/,1,101,0.99%,7.56
https://www.aplustechsol.com/indore/samsung-65-inch-interactive-display-waf-series/,1,100,1%,8.66
https://www.aplustechsol.com/distributor/samsung-qb24c/,1,98,1.02%,7.89
https://www.aplustechsol.com/kochi/samsung-signage-display-qbc-series/,1,95,1.05%,21.05
https://www.aplustechsol.com/vijayawada/samsung-interactive-display-flip-pro-wm85b/,1,86,1.16%,11.72
https://www.aplustechsol.com/bhavnagar/samsung-business-tv-be85f-h2/,1,81,1.23%,7.1
https://www.aplustechsol.com/kalyan/samsung-qm32r-t/,1,81,1.23%,8.88
https://www.aplustechsol.com/siliguri/samsung-wm55r/,1,80,1.25%,11.3
https://www.aplustechsol.com/coimbatore/samsung-signage-display-qbc-series/,1,80,1.25%,16.5
https://www.aplustechsol.com/gurgaon/samsung-vm55cr/,1,79,1.27%,5.71
https://www.aplustechsol.com/noida/samsung-65-inch-interactive-display-waf-series/,1,78,1.28%,9.37
https://www.aplustechsol.com/faridabad/samsung-interactive-display-flip-pro-wm85b/,1,75,1.33%,9.79
https://mail.aplustechsol.com/samsung-interactive-display/samsung-interactive-display-flip-3/,1,75,1.33%,20.81
https://www.aplustechsol.com/delhi/samsung-qb13rt/,1,74,1.35%,4.95
https://www.aplustechsol.com/distributor/samsung-24-inch-interactive-display-qbc-t-series/,1,74,1.35%,18.81
https://www.aplustechsol.com/distributor/samsung-qb43c/,1,72,1.39%,7.28
https://www.aplustechsol.com/patna/samsung-interactive-display-flip-pro/,1,70,1.43%,16.76
https://www.aplustechsol.com/jalandhar/samsung-hotel-tv-4k-uhd-crystal-hgbu800/,1,68,1.47%,12.76
https://www.aplustechsol.com/distributor/samsung-qb55cn/,1,64,1.56%,9.33
https://www.aplustechsol.com/vijayawada/samsung-smart-signage-display-qet-series/,1,64,1.56%,13.34
https://www.aplustechsol.com/kochi/samsung-qb43c/,1,63,1.59%,6.81
https://www.aplustechsol.com/maheshtala/samsung-65-inch-interactive-display-waf-series/,1,63,1.59%,10.25
https://www.aplustechsol.com/ranchi/samsung-interactive-display-flip-2-0/,1,62,1.61%,13.53
https://www.aplustechsol.com/distributor/samsung-qb24rt/,1,55,1.82%,5.29
https://www.aplustechsol.com/coimbatore/samsung-business-tv-uhd-crystal-4k-bec-h/,1,55,1.82%,12.35
https://www.aplustechsol.com/vadodara/samsung-smart-signage-display-qet-series/,1,55,1.82%,16.65
https://www.aplustechsol.com/bareilly/samsung-signage-display-qhc-series-high-brightness-uhd/,1,54,1.85%,8.46
https://www.aplustechsol.com/nagpur/samsung-interactive-display-flip-pro-wm85b/,1,54,1.85%,9.98
https://www.aplustechsol.com/cuttack/,1,54,1.85%,20.26
https://www.aplustechsol.com/bhiwandi/samsung-qb43c/,1,53,1.89%,7.19
https://www.aplustechsol.com/video-wall/samsung-videowall-razor-narrow-bezel-vmb-r-series/,1,53,1.89%,8.58
https://www.aplustechsol.com/bangalore/samsung-business-tv-uhd-crystal-4k-bec-h/,1,53,1.89%,12.75
https://www.aplustechsol.com/ludhiana/samsung-interactive-display-flip-pro-wm55b/,1,52,1.92%,25.81
https://www.aplustechsol.com/hyderabad/samsung-qb55c/,1,51,1.96%,9.24
https://www.aplustechsol.com/distributor/samsung-wa65c/,1,50,2%,7.38
https://www.aplustechsol.com/chandigarh/samsung-interactive-display-flip-android/,1,49,2.04%,10.84
https://www.aplustechsol.com/chandigarh/samsung-smart-signage-display-qet-series/,1,47,2.13%,16.77
https://www.aplustechsol.com/vijayawada/samsung-interactive-display-flip-pro/,1,46,2.17%,28.24
https://www.aplustechsol.com/suppliers/samsung-qm75c/,1,45,2.22%,8.4
https://www.aplustechsol.com/patna/samsung-uhd-signage-display-qpdx-5k-series/,1,45,2.22%,11.02
https://www.aplustechsol.com/hyderabad/samsung-signage-display-qhc-series-high-brightness-uhd/,1,45,2.22%,14.73
https://www.aplustechsol.com/kalyan/samsung-vm55bu/,1,44,2.27%,7.59
https://www.aplustechsol.com/navi-mumbai/samsung-hotel-tv-hg55u701f/,1,43,2.33%,5.19
https://www.aplustechsol.com/bareilly/samsung-wa75c/,1,43,2.33%,5.7
https://www.aplustechsol.com/mumbai/samsung-qb65c/,1,43,2.33%,5.91
https://www.aplustechsol.com/kochi/samsung-qm65c/,1,43,2.33%,8
https://www.aplustechsol.com/nagpur/samsung-videowall-display-vmb-u-series/,1,43,2.33%,24.12
https://www.aplustechsol.com/patna/samsung-crystal-uhd-signage-display-qbc-n-series/,1,43,2.33%,37.37
https://www.aplustechsol.com/cuttack/samsung-65-inch-interactive-display-waf-series/,1,42,2.38%,8.43
https://www.aplustechsol.com/kochi/samsung-qm85c/,1,41,2.44%,7.71
https://www.aplustechsol.com/distributor/samsung-wm75b/,1,41,2.44%,9
https://www.aplustechsol.com/bhubaneswar/samsung-qb55c/,1,41,2.44%,9.27
https://www.aplustechsol.com/gurgaon/samsung-qm32r-t/,1,39,2.56%,8.36
https://www.aplustechsol.com/gorakhpur/,1,39,2.56%,8.67
https://www.aplustechsol.com/rajkot/samsung-business-tv-uhd-crystal-4k-bec-h/,1,38,2.63%,9.92
https://www.aplustechsol.com/mangalore/samsung-interactive-display-flip-pro-wm85b/,1,38,2.63%,10.74
https://www.aplustechsol.com/search/?search=samsung smart signage display,1,38,2.63%,20.84
https://www.aplustechsol.com/jaipur/samsung-65-inch-interactive-display-waf-series/,1,37,2.7%,8.43
https://www.aplustechsol.com/indore/samsung-signage-display-crystal-uhd-qmc-series/,1,37,2.7%,12.92
https://www.aplustechsol.com/chandigarh/samsung-smart-signage-with-compact-touch-display/,1,37,2.7%,16.3
https://www.aplustechsol.com/chandigarh/samsung-interactive-display-flip-2-0/,1,37,2.7%,18.43
https://www.aplustechsol.com/pune/samsung-smart-signage-with-full-hd-touch-display/,1,36,2.78%,29.08
https://www.aplustechsol.com/sangli/samsung-hotel-tv-hg55u701f/,1,35,2.86%,5.14
https://www.aplustechsol.com/navi-mumbai/samsung-wa75c/,1,35,2.86%,7.91
https://www.aplustechsol.com/coimbatore/samsung-interactive-display-flip-2-0/,1,35,2.86%,15.46
https://www.aplustechsol.com/bhubaneswar/samsung-wm65b/,1,34,2.94%,7.85
https://www.aplustechsol.com/rajkot/samsung-wa75c/,1,34,2.94%,8.29
https://www.aplustechsol.com/bhubaneswar/samsung-video-wall-display-extreme-narrow-bezel-vhb-e-series/,1,34,2.94%,12.32
https://www.aplustechsol.com/udaipur/samsung-vm55cr/,1,33,3.03%,7.91
https://www.aplustechsol.com/delhi/samsung-qb43c/,1,33,3.03%,8.09
https://www.aplustechsol.com/bareilly/samsung-wm75b/,1,33,3.03%,8.18
https://www.aplustechsol.com/lucknow/samsung-interactive-display-flip-android/,1,32,3.12%,7.38
https://www.aplustechsol.com/vadodara/samsung-wa75c/,1,32,3.12%,9.97
https://www.aplustechsol.com/raipur/samsung-qb65c/,1,31,3.23%,7.35
https://www.aplustechsol.com/gwalior/samsung-qm65c/,1,31,3.23%,8.19
https://www.aplustechsol.com/chandigarh/samsung-signage-display-qhc-series-high-brightness-uhd/,1,31,3.23%,10.81
https://www.aplustechsol.com/chennai/samsung-55-inch-fhd-video-wall-display-vhc-e-series/,1,31,3.23%,15.03
https://mail.aplustechsol.com/mumbai/,1,31,3.23%,23.16
https://www.aplustechsol.com/siliguri/samsung-wm75a/,1,30,3.33%,8.77
https://www.aplustechsol.com/siliguri/samsung-interactive-display-flip-android/,1,30,3.33%,10.2
https://www.aplustechsol.com/distributor/samsung-55-inch-fhd-video-wall-display-vhc-e-series/,1,30,3.33%,12.57
https://www.aplustechsol.com/coimbatore/samsung-interactive-display-flip-3/,1,30,3.33%,16.77
https://www.aplustechsol.com/vijayawada/samsung-signage-display-qbc-series/,1,30,3.33%,27.13
https://www.aplustechsol.com/vadodara/samsung-60-inch-4k-business-pro-tv-bed-h-series/,1,30,3.33%,39.17
https://www.aplustechsol.com/rajkot/samsung-qb55c/,1,29,3.45%,6.62
https://www.aplustechsol.com/jaipur/samsung-wa75c/,1,29,3.45%,10.17
https://www.aplustechsol.com/distributor/samsung-wa75c/,1,28,3.57%,6.18
https://www.aplustechsol.com/jaipur/samsung-vm55cr/,1,28,3.57%,6.71
https://www.aplustechsol.com/patna/samsung-wm75a/,1,28,3.57%,8.25
https://www.aplustechsol.com/ujjain/samsung-65-inch-interactive-display-waf-series/,1,28,3.57%,8.43
https://www.aplustechsol.com/siliguri/samsung-qb43c/,1,28,3.57%,9.43
https://www.aplustechsol.com/patna/samsung-smart-signage-display-qet-series/,1,28,3.57%,11.29
https://www.aplustechsol.com/bhopal/samsung-65-inch-interactive-display-waf-series/,1,27,3.7%,8.48
https://www.aplustechsol.com/gurgaon/samsung-wm65b/,1,27,3.7%,11.3
https://www.aplustechsol.com/chandigarh/samsung-signage-display-qbc-series/,1,27,3.7%,11.33
https://www.aplustechsol.com/chandigarh/samsung-qb65c/,1,26,3.85%,5.42
https://www.aplustechsol.com/nashik/samsung-videowall-razor-narrow-bezel-vmb-r-series/,1,26,3.85%,8.19
https://www.aplustechsol.com/jaipur/samsung-qm32r-t/,1,26,3.85%,8.81
https://www.aplustechsol.com/jamnagar/samsung-interactive-display-flip-3/,1,26,3.85%,8.81
https://www.aplustechsol.com/jaipur/samsung-qb98tb/,1,26,3.85%,8.85
https://www.aplustechsol.com/cuttack/samsung-wm85a/,1,25,4%,6.8
https://www.aplustechsol.com/salem/samsung-wm75a/,1,25,4%,9.32
https://www.aplustechsol.com/greater-noida/samsung-wm85a/,1,25,4%,11.32
https://mail.aplustechsol.com/lucknow/,1,25,4%,14.72
https://www.aplustechsol.com/moradabad/samsung-vm55ce/,1,24,4.17%,6.38
https://www.aplustechsol.com/kochi/samsung-qb55c/,1,24,4.17%,6.67
https://www.aplustechsol.com/pune/samsung-qb85c/,1,24,4.17%,9.21
https://www.aplustechsol.com/video-wall/samsung-video-wall-display-razor-thin-bezels-vh55r-series/,1,24,4.17%,9.54
https://www.aplustechsol.com/kochi/samsung-wm85b/,1,24,4.17%,10.71
https://www.aplustechsol.com/jabalpur/samsung-wm75b/,1,23,4.35%,7.13
https://www.aplustechsol.com/bangalore/samsung-wm85b/,1,23,4.35%,7.26
https://www.aplustechsol.com/mumbai/samsung-wm85a/,1,23,4.35%,7.3
https://www.aplustechsol.com/chandigarh/samsung-wm65b/,1,23,4.35%,7.65
https://www.aplustechsol.com/bhopal/samsung-hotel-tv-4k-uhd-crystal-hgbu800/,1,23,4.35%,8.52
https://www.aplustechsol.com/vadodara/samsung-wm85b/,1,23,4.35%,10.35
https://www.aplustechsol.com/pimpri-and-chinchwad/samsung-signage-display-qbc-series/,1,23,4.35%,10.48
https://www.aplustechsol.com/kolkata/samsung-qb50c/,1,23,4.35%,10.7
https://www.aplustechsol.com/jhansi/samsung-interactive-display-flip-2-0/,1,23,4.35%,12.04
https://www.aplustechsol.com/siliguri/samsung-signage-display-qbc-series/,1,23,4.35%,15.96
https://mail.aplustechsol.com/pune/samsung-smart-signage-display-qet-series/,1,23,4.35%,22.7
https://www.aplustechsol.com/bangalore/samsung-qb85c/,1,22,4.55%,6.41
https://www.aplustechsol.com/noida/samsung-qm98c/,1,22,4.55%,6.55
https://www.aplustechsol.com/asansol/samsung-qb55c/,1,22,4.55%,6.91
https://www.aplustechsol.com/jodhpur/samsung-wm75a/,1,22,4.55%,6.91
https://www.aplustechsol.com/guwahati/samsung-wm75b/,1,22,4.55%,7.59
https://www.aplustechsol.com/noida/samsung-wm85b/,1,22,4.55%,9.86
https://www.aplustechsol.com/srinagar/samsung-55-inch-fhd-video-wall-display-vhc-e-series/,1,22,4.55%,10.41
https://www.aplustechsol.com/ranchi/samsung-smart-signage-display-qet-series/,1,22,4.55%,18.23
https://www.aplustechsol.com/meerut/samsung-65-inch-interactive-display-waf-series/,1,22,4.55%,20.27
https://www.aplustechsol.com/agra/,1,22,4.55%,30.32
https://www.aplustechsol.com/mumbai/samsung-qb43c/,1,21,4.76%,4.57
https://www.aplustechsol.com/bangalore/samsung-wa75d/,1,21,4.76%,5.1
https://www.aplustechsol.com/thiruvananthapuram/samsung-hotel-tv-hg55u701f/,1,21,4.76%,7.38
https://www.aplustechsol.com/guntur/samsung-wa65c/,1,21,4.76%,9.1
https://www.aplustechsol.com/asansol/samsung-qm65c/,1,21,4.76%,10.29
https://www.aplustechsol.com/siliguri/samsung-qb65c/,1,21,4.76%,10.33
https://www.aplustechsol.com/coimbatore/samsung-wm65b/,1,21,4.76%,10.48
https://www.aplustechsol.com/chandigarh/samsung-video-wall-display-razor-thin-bezels-vh55r-series/,1,21,4.76%,16.14
https://www.aplustechsol.com/vadodara/samsung-qb55c/,1,21,4.76%,19.57
https://www.aplustechsol.com/srinagar/samsung-interactive-display-flip-2-0/,1,21,4.76%,19.62
https://www.aplustechsol.com/jodhpur/samsung-interactive-display-flip-pro-wm85b/,1,21,4.76%,23.43
https://www.aplustechsol.com/nellore/samsung-interactive-display-flip-pro/,1,21,4.76%,27.24
https://www.aplustechsol.com/patna/samsung-qb55c/,1,20,5%,5.4
https://www.aplustechsol.com/exporters/samsung-qm32r-t/,1,20,5%,6.95
https://www.aplustechsol.com/amravati/samsung-wa75c/,1,20,5%,8.6
https://www.aplustechsol.com/jalandhar/samsung-wm65b/,1,20,5%,8.7
https://www.aplustechsol.com/jammu/samsung-65-inch-interactive-display-waf-series/,1,20,5%,9.9
https://www.aplustechsol.com/chandigarh/samsung-wm65r/,1,20,5%,11.85
https://www.aplustechsol.com/raipur/samsung-wm65b/,1,20,5%,25
https://www.aplustechsol.com/greater-noida/samsung-qb55cn/,1,19,5.26%,4.95
https://www.aplustechsol.com/distributor/samsung-hotel-tv-hg55u701f/,1,19,5.26%,5.84
https://www.aplustechsol.com/bangalore/samsung-qb13rt/,1,19,5.26%,6.05
https://www.aplustechsol.com/dehradun/samsung-qb13rt/,1,19,5.26%,8.21
https://www.aplustechsol.com/indore/samsung-qh55r/,1,19,5.26%,8.37
https://www.aplustechsol.com/kochi/samsung-uhd-signage-display-qpdx-5k-series/,1,19,5.26%,9.58
https://www.aplustechsol.com/gurgaon/samsung-qm65c/,1,19,5.26%,11.42
https://www.aplustechsol.com/srinagar/samsung-hotel-tv-4k-uhd-crystal-hgbu800/,1,19,5.26%,15.32
https://www.aplustechsol.com/ludhiana/samsung-interactive-display-flip-pro/,1,19,5.26%,17
https://www.aplustechsol.com/indore/samsung-qh43r/,1,19,5.26%,27.95
https://www.aplustechsol.com/chennai/samsung-qb43c/,1,18,5.56%,5.06
https://www.aplustechsol.com/guwahati/samsung-vm55bu/,1,18,5.56%,5.61
https://www.aplustechsol.com/suppliers/samsung-hotel-tv-hg55u701f/,1,18,5.56%,6.56
https://www.aplustechsol.com/thiruvananthapuram/samsung-vm55cr/,1,18,5.56%,7.39
https://www.aplustechsol.com/raipur/samsung-wm75a/,1,18,5.56%,7.56
https://www.aplustechsol.com/jabalpur/samsung-wm75a/,1,18,5.56%,7.83
https://www.aplustechsol.com/vijayawada/samsung-65-inch-interactive-display-waf-series/,1,18,5.56%,9.17
https://www.aplustechsol.com/salem/samsung-wa65c/,1,18,5.56%,15.44
https://www.aplustechsol.com/jammu/samsung-smart-signage-display-qet-series/,1,18,5.56%,16.22
https://www.aplustechsol.com/vadodara/samsung-interactive-display-flip-pro-wm55b/,1,18,5.56%,19.94
https://www.aplustechsol.com/aurangabad/samsung-interactive-display-flip-3/,1,18,5.56%,23.17
https://mail.aplustechsol.com/madurai/,1,18,5.56%,26.33
https://www.aplustechsol.com/noida/samsung-wm75b/,1,17,5.88%,4.94
https://www.aplustechsol.com/lucknow/samsung-65-inch-interactive-display-waf-series/,1,17,5.88%,7.35
https://www.aplustechsol.com/aligarh/samsung-qm32r-t/,1,17,5.88%,8.41
https://www.aplustechsol.com/kanpur/samsung-wm75a/,1,17,5.88%,8.65
https://www.aplustechsol.com/kochi/samsung-wm75b/,1,17,5.88%,9.06
https://www.aplustechsol.com/gurgaon/samsung-wa65c/,1,17,5.88%,9.35
https://www.aplustechsol.com/cuttack/samsung-wm65b/,1,17,5.88%,9.71
https://www.aplustechsol.com/varanasi/samsung-qm32r-t/,1,17,5.88%,13.29
https://www.aplustechsol.com/hyderabad/samsung-qm65c/,1,16,6.25%,4.62
https://www.aplustechsol.com/pune/samsung-wa65d/,1,16,6.25%,7.81
https://www.aplustechsol.com/ajmer/samsung-hotel-tv-hg55u701f/,1,16,6.25%,7.88
https://www.aplustechsol.com/hyderabad/samsung-wm65r/,1,16,6.25%,8.5
https://www.aplustechsol.com/vijayawada/samsung-qm75c/,1,16,6.25%,8.94
https://www.aplustechsol.com/jabalpur/samsung-wm65r/,1,16,6.25%,9.25
https://www.aplustechsol.com/patna/samsung-wm85a/,1,16,6.25%,9.62
https://www.aplustechsol.com/vijayawada/samsung-vm55cr/,1,16,6.25%,10.75
https://www.aplustechsol.com/tiruchirappalli/samsung-interactive-display-flip-android/,1,16,6.25%,11.5
https://www.aplustechsol.com/bareilly/samsung-interactive-display-flip-pro-wm85b/,1,16,6.25%,17.31
https://www.aplustechsol.com/bangalore/samsung-vm55ce/,1,15,6.67%,4.73
https://www.aplustechsol.com/bangalore/samsung-hotel-tv-4k-uhd-crystal-hgbu800/,1,15,6.67%,5.73
https://www.aplustechsol.com/nagpur/samsung-small-display-full-hd-qbr-b-series/,1,15,6.67%,5.93
https://www.aplustechsol.com/nashik/samsung-qb65c/,1,15,6.67%,6.6
https://www.aplustechsol.com/guwahati/samsung-wm85b/,1,15,6.67%,7.07
https://www.aplustechsol.com/gwalior/samsung-wm75b/,1,15,6.67%,7.27
https://www.aplustechsol.com/coimbatore/samsung-wm85a/,1,15,6.67%,7.47
https://www.aplustechsol.com/bhubaneswar/samsung-vm55cr/,1,15,6.67%,10.4
https://www.aplustechsol.com/bareilly/samsung-interactive-display-flip-android/,1,15,6.67%,11
https://www.aplustechsol.com/jamnagar/samsung-wa65d/,1,15,6.67%,11.93
https://www.aplustechsol.com/rajkot/samsung-signage-display-crystal-uhd-qmc-series/,1,15,6.67%,12.6
https://www.aplustechsol.com/navi-mumbai/samsung-video-wall-display-extreme-narrow-bezel-vhb-e-series/,1,15,6.67%,71.13
https://www.aplustechsol.com/sangli/samsung-hotel-tv-hg85u800f/,1,14,7.14%,3.93
https://www.aplustechsol.com/guwahati/samsung-business-tv-be85f-h2/,1,14,7.14%,6
https://www.aplustechsol.com/kochi/samsung-qb13rt/,1,14,7.14%,6.64
https://www.aplustechsol.com/gurgaon/samsung-wa75c/,1,14,7.14%,6.79
https://www.aplustechsol.com/gurgaon/samsung-wad-interactive-display-android-os/,1,14,7.14%,7.36
https://www.aplustechsol.com/cuttack/samsung-wm65r/,1,14,7.14%,8.07
https://www.aplustechsol.com/varanasi/samsung-interactive-display-flip-3/,1,14,7.14%,8.93
https://www.aplustechsol.com/meerut/samsung-smart-signage-with-full-hd-touch-display/,1,14,7.14%,9.14
https://www.aplustechsol.com/pune/samsung-qm32r-t/,1,14,7.14%,10.5
https://www.aplustechsol.com/siliguri/samsung-qb55c/,1,14,7.14%,11.21
https://www.aplustechsol.com/greater-noida/samsung-qb55c/,1,13,7.69%,4
https://www.aplustechsol.com/mumbai/samsung-qb13rt/,1,13,7.69%,5.85
https://www.aplustechsol.com/chennai/samsung-qb75c/,1,13,7.69%,6.08
https://www.aplustechsol.com/pune/samsung-wm75b/,1,13,7.69%,6.69
https://www.aplustechsol.com/coimbatore/samsung-55-inch-fhd-video-wall-display-vhc-e-series/,1,13,7.69%,7.08
https://www.aplustechsol.com/gwalior/samsung-wm65r/,1,13,7.69%,7.08
https://www.aplustechsol.com/mumbai/samsung-wa65d/,1,13,7.69%,7.46
https://www.aplustechsol.com/moradabad/samsung-wa75d/,1,13,7.69%,7.54
https://www.aplustechsol.com/samsung-smart-signage/samsung-uhd-signage-display-qpdx-5k-series/,1,13,7.69%,8.15
https://www.aplustechsol.com/chennai/samsung-business-tv-befx-h2/,1,13,7.69%,8.62
https://www.aplustechsol.com/chennai/samsung-qb55cn/,1,13,7.69%,9.77
https://www.aplustechsol.com/delhi/samsung-wa75d/,1,12,8.33%,6.83
https://www.aplustechsol.com/lucknow/samsung-vm55cr/,1,12,8.33%,6.83
https://www.aplustechsol.com/jabalpur/samsung-wm85a/,1,12,8.33%,7.33
https://www.aplustechsol.com/kalyan/samsung-qb24rt/,1,12,8.33%,7.5
https://www.aplustechsol.com/srinagar/samsung-interactive-display-flip-3/,1,12,8.33%,8.83
https://www.aplustechsol.com/jamshedpur/samsung-videowall-display-vmb-u-series/,1,12,8.33%,11
https://www.aplustechsol.com/mangalore/samsung-qm32r-t/,1,12,8.33%,11.5
https://www.aplustechsol.com/sangli/samsung-65-inch-interactive-display-waf-series/,1,12,8.33%,14.83
https://www.aplustechsol.com/patna/samsung-wa75d/,1,11,9.09%,6.91
https://www.aplustechsol.com/raipur/samsung-wa75c/,1,11,9.09%,7.18
https://www.aplustechsol.com/kochi/samsung-qb50c/,1,11,9.09%,7.36
https://www.aplustechsol.com/gurgaon/samsung-qh55r/,1,11,9.09%,7.45
https://www.aplustechsol.com/moradabad/samsung-wa65d/,1,11,9.09%,7.82
https://www.aplustechsol.com/nanded-waghala/samsung-qm32r-t/,1,11,9.09%,7.91
https://www.aplustechsol.com/vadodara/samsung-55-inch-fhd-video-wall-display-vhc-e-series/,1,11,9.09%,8.73
https://www.aplustechsol.com/jabalpur/samsung-wm85b/,1,11,9.09%,9
https://www.aplustechsol.com/dehradun/samsung-interactive-display-flip-3/,1,11,9.09%,9.55
https://www.aplustechsol.com/bhiwandi/samsung-wa75c/,1,11,9.09%,10.55
https://www.aplustechsol.com/vijayawada/samsung-wm85a/,1,11,9.09%,10.73
https://www.aplustechsol.com/coimbatore/samsung-hotel-tv-hg75u700f/,1,10,10%,4.4
https://www.aplustechsol.com/saharanpur/samsung-wm85b/,1,10,10%,4.7
https://www.aplustechsol.com/delhi/samsung-qh55r/,1,10,10%,6.1
https://www.aplustechsol.com/moradabad/samsung-wm75a/,1,10,10%,6.8
https://www.aplustechsol.com/srinagar/samsung-qb75c/,1,10,10%,6.8
https://www.aplustechsol.com/aligarh/samsung-wm75b/,1,10,10%,7
https://www.aplustechsol.com/hyderabad/samsung-qh43r/,1,10,10%,7.2
https://www.aplustechsol.com/surat/samsung-qb43c/,1,10,10%,7.3
https://www.aplustechsol.com/jabalpur/samsung-qm65c/,1,10,10%,7.4
https://www.aplustechsol.com/mangalore/samsung-qe75t/,1,10,10%,7.5
https://www.aplustechsol.com/chandigarh/samsung-qb13rt/,1,10,10%,7.6
https://www.aplustechsol.com/lucknow/samsung-crystal-uhd-signage-display-qbc-n-series/,1,10,10%,8.2
https://www.aplustechsol.com/ajmer/samsung-55-inch-video-wall-display-vmc-e-series/,1,10,10%,9.6
https://www.aplustechsol.com/bhavnagar/samsung-wm75a/,1,10,10%,9.8
https://www.aplustechsol.com/amravati/samsung-qm32r-t/,1,10,10%,11.6
https://www.aplustechsol.com/vadodara/samsung-wa75d/,1,10,10%,11.7
https://www.aplustechsol.com/thiruvananthapuram/samsung-wm55r/,1,10,10%,11.8
https://www.aplustechsol.com/vadodara/samsung-qm32r-t/,1,10,10%,14.5
https://www.aplustechsol.com/kalyan/samsung-hotel-tv-hg85u800f/,1,9,11.11%,3.56
https://www.aplustechsol.com/warangal/samsung-hotel-tv-hg85u800f/,1,9,11.11%,3.56
https://www.aplustechsol.com/ambattur/samsung-vm55cr/,1,9,11.11%,5
https://www.aplustechsol.com/jaipur/samsung-qm65c/,1,9,11.11%,5.33
https://www.aplustechsol.com/faridabad/samsung-wa75d/,1,9,11.11%,6.44
https://www.aplustechsol.com/mangalore/samsung-qb55c/,1,9,11.11%,6.56
https://www.aplustechsol.com/patna/samsung-qb75c/,1,9,11.11%,7.11
https://www.aplustechsol.com/guwahati/samsung-qm65c/,1,9,11.11%,7.67
https://www.aplustechsol.com/bhopal/samsung-qh55r/,1,9,11.11%,8.11
https://www.aplustechsol.com/dehradun/samsung-qh43r/,1,9,11.11%,9.33
https://www.aplustechsol.com/chennai/samsung-vm55cr/,1,9,11.11%,9.44
https://www.aplustechsol.com/pimpri-and-chinchwad/samsung-business-tv-befx-h2/,1,9,11.11%,10.56
https://www.aplustechsol.com/hyderabad/samsung-wm85b/,1,9,11.11%,11.11
https://www.aplustechsol.com/allahabad/samsung-interactive-display-flip-3/,1,9,11.11%,20
https://www.aplustechsol.com/udaipur/samsung-signage-display-qbc-series/,1,9,11.11%,22.33
https://www.aplustechsol.com/jammu/samsung-signage-display-qbc-series/,1,8,12.5%,5.5
https://www.aplustechsol.com/solapur/samsung-business-tv-be85f-h2/,1,8,12.5%,5.62
https://www.aplustechsol.com/kochi/samsung-qb24c/,1,8,12.5%,5.88
https://www.aplustechsol.com/kochi/samsung-interactive-display-flip-2-0/,1,8,12.5%,6.75
https://www.aplustechsol.com/ludhiana/samsung-wm75b/,1,8,12.5%,6.88
https://www.aplustechsol.com/nagpur/samsung-qb55c/,1,8,12.5%,7.75
https://www.aplustechsol.com/ulhasnagar/samsung-uhd-signage-display-qpdx-5k-series/,1,8,12.5%,8.12
https://www.aplustechsol.com/amritsar/samsung-qe75t/,1,8,12.5%,8.75
https://www.aplustechsol.com/ranchi/samsung-wm85b/,1,8,12.5%,8.75
https://www.aplustechsol.com/warangal/samsung-vm55cr/,1,8,12.5%,9.12
https://www.aplustechsol.com/ranchi/samsung-qb65c/,1,8,12.5%,9.62
https://www.aplustechsol.com/bhubaneswar/samsung-qe55t/,1,8,12.5%,10.12
https://www.aplustechsol.com/dhanbad/samsung-wa65c/,1,8,12.5%,10.38
https://www.aplustechsol.com/visakhapatnam/samsung-qb24rt/,1,8,12.5%,10.62
https://www.aplustechsol.com/jodhpur/samsung-qh65r/,1,8,12.5%,11.25
https://www.aplustechsol.com/ranchi/samsung-wm75b/,1,8,12.5%,11.25
https://www.aplustechsol.com/gorakhpur/samsung-qh55r/,1,8,12.5%,12.5
https://www.aplustechsol.com/nagpur/samsung-business-tv-uhd-crystal-4k-bec-h/,1,8,12.5%,17.12
https://www.aplustechsol.com/nanded-waghala/samsung-videowall-razor-narrow-bezel-vmb-r-series/,1,8,12.5%,17.88
https://www.aplustechsol.com/ahmedabad/samsung-hotel-tv-hg85u800f/,1,7,14.29%,2.29
https://www.aplustechsol.com/noida/samsung-hotel-tv-hg85u800f/,1,7,14.29%,3.29
https://www.aplustechsol.com/bangalore/samsung-hotel-tv-hg85u800f/,1,7,14.29%,4.71
https://www.aplustechsol.com/moradabad/samsung-hotel-tv-hg85u800f/,1,7,14.29%,5
https://www.aplustechsol.com/jaipur/samsung-business-tv-befx-h2/,1,7,14.29%,5.43
https://www.aplustechsol.com/rajkot/samsung-commercial-display-qpdx105/,1,7,14.29%,5.43
https://www.aplustechsol.com/mira-and-bhayander/samsung-qb24rt/,1,7,14.29%,5.71
https://www.aplustechsol.com/madurai/samsung-hotel-tv-hg55u701f/,1,7,14.29%,6.71
https://www.aplustechsol.com/hyderabad/samsung-qh55r/,1,7,14.29%,6.86
https://www.aplustechsol.com/surat/samsung-qb55c/,1,7,14.29%,7.14
https://www.aplustechsol.com/hyderabad/samsung-qb24rt/,1,7,14.29%,7.43
https://www.aplustechsol.com/meerut/samsung-wm85b/,1,7,14.29%,7.57
https://www.aplustechsol.com/coimbatore/samsung-wm75a/,1,7,14.29%,7.86
https://www.aplustechsol.com/rajkot/samsung-wm65r/,1,7,14.29%,8
https://www.aplustechsol.com/nanded-waghala/samsung-vm55ce/,1,7,14.29%,8.29
https://www.aplustechsol.com/jammu/samsung-qb75c/,1,7,14.29%,8.43
https://mail.aplustechsol.com/hyderabad/samsung-videowall-display-vmb-u-series/,1,7,14.29%,8.71
https://www.aplustechsol.com/jalgaon/samsung-wm85a/,1,7,14.29%,8.86
https://mail.aplustechsol.com/navi-mumbai/,1,7,14.29%,10
https://www.aplustechsol.com/bhiwandi/samsung-wa65c/,1,7,14.29%,13.29
https://www.aplustechsol.com/thiruvananthapuram/samsung-qm32r-t/,1,7,14.29%,14.43
https://www.aplustechsol.com/raipur/samsung-qm32r-t/,1,7,14.29%,16.14
https://www.aplustechsol.com/jaipur/samsung-60-inch-4k-business-pro-tv-bed-h-series/,1,7,14.29%,27.14
https://www.aplustechsol.com/chandigarh/samsung-qm65c/,1,6,16.67%,4.33
https://www.aplustechsol.com/vadodara/samsung-hotel-tv-hg75u700f/,1,6,16.67%,4.83
https://www.aplustechsol.com/chennai/samsung-qb55c/,1,6,16.67%,5.67
https://www.aplustechsol.com/dehradun/samsung-wa75c/,1,6,16.67%,5.67
https://www.aplustechsol.com/nashik/samsung-wa65d/,1,6,16.67%,5.67
https://www.aplustechsol.com/rajkot/samsung-qb65c/,1,6,16.67%,5.67
https://www.aplustechsol.com/indore/samsung-qb13rt/,1,6,16.67%,5.83
https://www.aplustechsol.com/surat/samsung-qb98tb/,1,6,16.67%,6.5
https://www.aplustechsol.com/dehradun/,1,6,16.67%,7.17
https://www.aplustechsol.com/kalyan/samsung-qb50c/,1,6,16.67%,7.67
https://mail.aplustechsol.com/kolkata/samsung-small-display-full-hd-qbr-b-series/,1,6,16.67%,9.33
https://www.aplustechsol.com/faridabad/samsung-qb55cn/,1,6,16.67%,14.83
https://www.aplustechsol.com/meerut/samsung-55-inch-video-wall-display-vmc-e-series/,1,6,16.67%,16.5
https://www.aplustechsol.com/durgapur/samsung-wm85b/,1,6,16.67%,19
https://www.aplustechsol.com/aurangabad/samsung-smart-signage-with-compact-touch-display/,1,6,16.67%,22.17
https://www.aplustechsol.com/kolkata/samsung-qm65c/,1,5,20%,3.6
https://www.aplustechsol.com/bangalore/samsung-wm55r/,1,5,20%,4
https://www.aplustechsol.com/jammu/samsung-wm65r/,1,5,20%,5.8
https://www.aplustechsol.com/ulhasnagar/,1,5,20%,6.2
https://www.aplustechsol.com/visakhapatnam/samsung-qb55c/,1,5,20%,6.2
https://www.aplustechsol.com/greater-noida/samsung-wa65d/,1,5,20%,6.6
https://www.aplustechsol.com/jammu/samsung-qm98c/,1,5,20%,7.2
https://www.aplustechsol.com/pune/samsung-qb75c/,1,5,20%,7.4
https://www.aplustechsol.com/bhopal/samsung-55-inch-video-wall-display-vmc-e-series/,1,5,20%,7.6
https://www.aplustechsol.com/jammu/samsung-wa65d/,1,5,20%,7.6
https://www.aplustechsol.com/allahabad/samsung-qm32r-t/,1,5,20%,8
https://www.aplustechsol.com/visakhapatnam/samsung-qh55r/,1,5,20%,8
https://www.aplustechsol.com/durgapur/samsung-qm32r-t/,1,5,20%,8.6
https://www.aplustechsol.com/nagpur/samsung-wa75c/,1,5,20%,9.8
https://www.aplustechsol.com/jabalpur/samsung-qb55c/,1,5,20%,10.8
https://www.aplustechsol.com/thane/samsung-vm55be/,1,5,20%,15.4
https://www.aplustechsol.com/lucknow/samsung-wm85a/,1,5,20%,15.8
https://www.aplustechsol.com/bhopal/samsung-vm55be/,1,5,20%,26.8
https://www.aplustechsol.com/chennai/samsung-qb65c/,1,4,25%,3.75
https://www.aplustechsol.com/raipur/samsung-qm75c/,1,4,25%,3.75
https://www.aplustechsol.com/bangalore/samsung-qb65cn/,1,4,25%,4
https://www.aplustechsol.com/navi-mumbai/samsung-wa65c/,1,4,25%,4.25
https://www.aplustechsol.com/varanasi/samsung-qb55c/,1,4,25%,5.5
https://www.aplustechsol.com/vijayawada/samsung-qm65c/,1,4,25%,5.5
https://www.aplustechsol.com/bikaner/samsung-wm85a/,1,4,25%,6.5
https://www.aplustechsol.com/kolkata/samsung-vm55be/,1,4,25%,6.5
https://mail.aplustechsol.com/chandigarh/samsung-wad-interactive-display-android-os/,1,4,25%,6.75
https://www.aplustechsol.com/gwalior/samsung-business-tv-be85f-h2/,1,4,25%,6.75
https://www.aplustechsol.com/cuttack/samsung-55-inch-video-wall-display-vmc-e-series/,1,4,25%,7
https://www.aplustechsol.com/udaipur/samsung-qb65c/,1,4,25%,7
https://www.aplustechsol.com/kolkata/samsung-vm55bu/,1,4,25%,7.25
https://www.aplustechsol.com/gorakhpur/samsung-qb43c/,1,4,25%,7.5
https://www.aplustechsol.com/thiruvananthapuram/samsung-crystal-uhd-signage-display-qbc-n-series/,1,4,25%,7.75
https://www.aplustechsol.com/vadodara/samsung-qh65r/,1,4,25%,8.25
https://www.aplustechsol.com/nagpur/samsung-wm75b/,1,4,25%,9.25
https://mail.aplustechsol.com/ludhiana/samsung-interactive-display-flip-pro-wm85b/,1,4,25%,9.75
https://mail.aplustechsol.com/ajmer/,1,4,25%,11.75
https://www.aplustechsol.com/bhopal/samsung-vm55cr/,1,4,25%,11.75
https://www.aplustechsol.com/vijayawada/samsung-qm32r-t/,1,4,25%,13
https://mail.aplustechsol.com/bangalore/samsung-videowall-razor-narrow-bezel-vmb-r-series/,1,4,25%,15
https://www.aplustechsol.com/jamshedpur/samsung-interactive-display-flip-3/,1,4,25%,23.5
https://mail.aplustechsol.com/mangalore/samsung-hotel-tv-4k-uhd-crystal-hgbu800/,1,4,25%,43.25
https://www.aplustechsol.com/tiruchirappalli/samsung-qb85c/,1,4,25%,56.75
https://www.aplustechsol.com/bhubaneswar/samsung-qb75c/,1,3,33.33%,1.67
https://www.aplustechsol.com/bhopal/samsung-wa65d/,1,3,33.33%,4.33
https://www.aplustechsol.com/gurgaon/samsung-hotel-tv-hg85u800f/,1,3,33.33%,4.33
https://www.aplustechsol.com/navi-mumbai/samsung-qb24c/,1,3,33.33%,4.33
https://www.aplustechsol.com/thane/,1,3,33.33%,4.67
https://www.aplustechsol.com/haora/samsung-business-tv-befx-h2/,1,3,33.33%,5.67
https://www.aplustechsol.com/vijayawada/samsung-qb55c/,1,3,33.33%,5.67
https://www.aplustechsol.com/visakhapatnam/samsung-interactive-display-wa86f/,1,3,33.33%,5.67
https://www.aplustechsol.com/surat/samsung-qe55t/,1,3,33.33%,7
https://www.aplustechsol.com/dehradun/samsung-vm55bu/,1,3,33.33%,7.33
https://www.aplustechsol.com/jodhpur/samsung-wa75d/,1,3,33.33%,7.33
https://www.aplustechsol.com/pimpri-and-chinchwad/samsung-qb24c/,1,3,33.33%,7.67
https://www.aplustechsol.com/gorakhpur/samsung-wa75d/,1,3,33.33%,8
https://www.aplustechsol.com/thane/samsung-qh65r/,1,3,33.33%,8.33
https://www.aplustechsol.com/kanpur/samsung-vm55ce/,1,3,33.33%,10
https://www.aplustechsol.com/allahabad/samsung-qm75c/,1,3,33.33%,10.33
https://www.aplustechsol.com/dhanbad/samsung-videowall-vmc-r/,1,3,33.33%,10.67
https://www.aplustechsol.com/dehradun/samsung-qb24rt/,1,3,33.33%,14
https://www.aplustechsol.com/lucknow/samsung-smart-signage-with-compact-touch-display/,1,3,33.33%,35.67
https://www.aplustechsol.com/thiruvananthapuram/samsung-qb98tb/,1,2,50%,1.5
https://www.aplustechsol.com/ranchi/samsung-commercial-display-qh115fx/,1,2,50%,2.5
https://www.aplustechsol.com/vijayawada/samsung-qb85c/,1,2,50%,3.5
https://www.aplustechsol.com/hyderabad/samsung-qm55c/,1,2,50%,4
https://www.aplustechsol.com/ulhasnagar/samsung-vm55ce/,1,2,50%,5
https://www.aplustechsol.com/lucknow/samsung-qm98c/,1,2,50%,6
https://www.aplustechsol.com/mumbai/samsung-signage-display-qbc-series/,1,2,50%,6
https://www.aplustechsol.com/gulbarga/samsung-hotel-tv-hg55u701f/,1,2,50%,7
https://www.aplustechsol.com/rajkot/samsung-qb98tb/,1,2,50%,7.5
https://mail.aplustechsol.com/hyderabad/samsung-videowall-razor-narrow-bezel-vmb-r-series/,1,2,50%,8.5
https://mail.aplustechsol.com/ahmedabad/samsung-65-inch-interactive-display-waf-series/,1,2,50%,9
https://www.aplustechsol.com/coimbatore/samsung-qb13rt/,1,2,50%,11.5
https://www.aplustechsol.com/thiruvananthapuram/samsung-qb24rt/,1,2,50%,12.5
https://mail.aplustechsol.com/ambattur/samsung-signage-display-crystal-uhd-qmc-series/,1,2,50%,24.5
https://www.aplustechsol.com/thiruvananthapuram/samsung-business-tv-befx-h2/,1,2,50%,44
https://www.aplustechsol.com/gorakhpur/samsung-hotel-tv-hg75u700f/,1,1,100%,2
https://www.aplustechsol.com/navi-mumbai/samsung-qb85c/,1,1,100%,2
https://mail.aplustechsol.com/delhi/samsung-24-inch-interactive-display-qbc-t-series/,1,1,100%,3
https://www.aplustechsol.com/dehradun/samsung-hotel-tv-hg75u700f/,1,1,100%,3
https://www.aplustechsol.com/lucknow/samsung-uhd-signage-display-qpdx-5k-series/,1,1,100%,3
https://www.aplustechsol.com/surat/samsung-qh65r/,1,1,100%,3
https://www.aplustechsol.com/vadodara/samsung-qh55r/,1,1,100%,3
https://www.aplustechsol.com/assets/img/product/aplus-technology-samsung-interactive-display-flip-pro-wm85b-99d.webp,1,1,100%,4
https://www.aplustechsol.com/kochi/samsung-video-wall-display-extreme-narrow-bezel-vhb-e-series/,1,1,100%,4
https://www.aplustechsol.com/ambattur/samsung-hotel-tv-hg55u701f/,1,1,100%,6
https://www.aplustechsol.com/gaya/samsung-55-inch-video-wall-display-vmc-e-series/,1,1,100%,6
https://www.aplustechsol.com/delhi/samsung-qm55b-t/,1,1,100%,8
https://www.aplustechsol.com/agra/samsung-qb24c/,1,1,100%,27
https://www.aplustechsol.com/jabalpur/samsung-hotel-tv-hg55u701f/,1,1,100%,28
https://www.aplustechsol.com/distributor/samsung-smart-signage-display-qet-series/,0,1153,0%,25.89
https://www.aplustechsol.com/blog/,0,433,0%,6.62
https://www.aplustechsol.com/vijayawada/samsung-interactive-display-flip-2-0/,0,363,0%,46.6
https://mail.aplustechsol.com/samsung-smart-signage/samsung-uhd-signage-display-qpdx-5k-series/,0,263,0%,8.61
https://www.aplustechsol.com/maheshtala/samsung-interactive-display-flip-2-0/,0,241,0%,54.51
https://www.aplustechsol.com/delhi/samsung-qb65c/,0,234,0%,8.77
https://www.aplustechsol.com/delhi/samsung-interactive-display-flip-3/,0,230,0%,25.32
https://www.aplustechsol.com/delhi/samsung-wm65r/,0,209,0%,7.8
https://www.aplustechsol.com/distributor/samsung-interactive-display-flip-pro-wm55b/,0,194,0%,22.62
https://www.aplustechsol.com/exporters/samsung-signage-display-qhc-series-high-brightness-uhd/,0,191,0%,21.35
https://www.aplustechsol.com/blog/experience-the-benefits-of-visual-marketing-with-samsungs-qmr-series-smart-led-display/,0,174,0%,32.03
https://www.aplustechsol.com/kalyan/samsung-qb85c/,0,172,0%,8.48
https://www.aplustechsol.com/jalgaon/samsung-hotel-tv-hg55u701f/,0,167,0%,9.38
https://www.aplustechsol.com/ludhiana/samsung-video-wall-display-extreme-narrow-bezel-vmb-e-series/,0,166,0%,35.57
https://www.aplustechsol.com/chennai/samsung-interactive-display-flip-3/,0,163,0%,43.98
https://www.aplustechsol.com/navi-mumbai/samsung-smart-signage-display-qet-series/,0,156,0%,56.92
https://www.aplustechsol.com/distributor/samsung-qb75c/,0,154,0%,7.85
https://www.aplustechsol.com/privacy-policy/,0,154,0%,11.67
https://www.aplustechsol.com/kanpur/samsung-signage-display-qhc-series-high-brightness-uhd/,0,148,0%,15.38
https://www.aplustechsol.com/bangalore/samsung-vm55bu/,0,139,0%,6.5
https://mail.aplustechsol.com/samsung-interactive-display/samsung-wad-interactive-display-android-os/,0,133,0%,12.45
https://www.aplustechsol.com/jamshedpur/samsung-60-inch-4k-business-pro-tv-bed-h-series/,0,133,0%,68.05
https://www.aplustechsol.com/solapur/samsung-interactive-display-flip-pro-wm55b/,0,131,0%,17.1
https://www.aplustechsol.com/navi-mumbai/samsung-smart-signage-with-compact-touch-display/,0,131,0%,60.5
https://www.aplustechsol.com/nashik/samsung-interactive-display-flip-pro/,0,129,0%,16.26
https://www.aplustechsol.com/distributor/samsung-hg50bu800/,0,128,0%,7.8
https://www.aplustechsol.com/kochi/samsung-signage-display-crystal-uhd-qmc-series/,0,127,0%,12.63
https://www.aplustechsol.com/suppliers/samsung-qb43c/,0,120,0%,7.29
https://www.aplustechsol.com/video-wall/samsung-videowall-vmc-e/,0,115,0%,8.27
"https://www.aplustechsol.com/search/?search=samsung signage display crystal 
uhd qmc series",0,115,0%,27.29
https://www.aplustechsol.com/suppliers/samsung-qb75c/,0,111,0%,5.77
https://www.aplustechsol.com/exporters/samsung-vm55ce/,0,111,0%,8.35
https://www.aplustechsol.com/samsung-interactive-display/samsung-65-inch-interactive-display-waf-series/,0,111,0%,10.29
https://www.aplustechsol.com/thane/samsung-hotel-tv-4k-uhd-crystal-hgbu800/,0,111,0%,29.11
https://www.aplustechsol.com/suppliers/samsung-qb55c/,0,110,0%,8.06
https://www.aplustechsol.com/distributor/samsung-interactive-display-flip-3/,0,110,0%,29.01
https://www.aplustechsol.com/suppliers/samsung-wa75c/,0,108,0%,8.49
https://www.aplustechsol.com/indore/samsung-qb65c/,0,105,0%,8.39
https://www.aplustechsol.com/distributor/samsung-videowall-display-vmb-u-series/,0,105,0%,32.65
https://www.aplustechsol.com/distributor/samsung-vm55ce/,0,102,0%,8.02
https://www.aplustechsol.com/kochi/samsung-crystal-uhd-signage-display-qbc-n-series/,0,102,0%,60.16
https://www.aplustechsol.com/exporters/samsung-vm55cr/,0,101,0%,7.59
https://www.aplustechsol.com/kalyan/samsung-qm98c/,0,99,0%,7.64
https://www.aplustechsol.com/pune/samsung-interactive-display-flip-pro-wm85b/,0,98,0%,8.8
https://www.aplustechsol.com/saharanpur/samsung-interactive-display-flip-2-0/,0,98,0%,47.96
https://www.aplustechsol.com/vadodara/samsung-55-inch-video-wall-display-vmc-e-series/,0,96,0%,17.82
https://www.aplustechsol.com/salem/samsung-signage-display-qhc-series-high-brightness-uhd/,0,96,0%,38.24
https://www.aplustechsol.com/nashik/samsung-signage-display-qhc-series-high-brightness-uhd/,0,93,0%,12.42
https://www.aplustechsol.com/patna/samsung-interactive-display-flip-pro-wm85b/,0,92,0%,10.77
https://www.aplustechsol.com/ahmedabad/samsung-interactive-display-flip-2-0/,0,92,0%,44.57
https://www.aplustechsol.com/ludhiana/,0,90,0%,7.82
https://www.aplustechsol.com/bangalore/samsung-wm65r/,0,89,0%,7.18
https://www.aplustechsol.com/indore/samsung-qm75c/,0,89,0%,8.54
https://www.aplustechsol.com/faridabad/samsung-signage-display-crystal-uhd-qmc-series/,0,89,0%,10.71
https://www.aplustechsol.com/hyderabad/samsung-smart-signage-with-full-hd-touch-display/,0,89,0%,14.11
https://www.aplustechsol.com/bhopal/samsung-60-inch-4k-business-pro-tv-bed-h-series/,0,89,0%,58.64
https://www.aplustechsol.com/distributor/samsung-hotel-tv-4k-uhd-crystal-hgbu800/,0,87,0%,42.84
https://mail.aplustechsol.com/hyderabad/samsung-smart-signage-display-qet-series/,0,85,0%,21.18
https://www.aplustechsol.com/salem/samsung-interactive-display-flip-2-0/,0,85,0%,55.92
https://www.aplustechsol.com/exporters/samsung-qb85c/,0,84,0%,7.93
https://www.aplustechsol.com/delhi/samsung-wm85a/,0,84,0%,8.8
https://www.aplustechsol.com/distributor/samsung-interactive-display-flip-android/,0,81,0%,13.09
https://www.aplustechsol.com/bangalore/samsung-smart-signage-with-compact-touch-display/,0,81,0%,51.4
https://www.aplustechsol.com/exporters/samsung-qb24c/,0,79,0%,6.35
https://www.aplustechsol.com/jammu/samsung-interactive-display-flip-android/,0,79,0%,11.3
https://www.aplustechsol.com/exporters/samsung-wa75c/,0,78,0%,6.63
https://www.aplustechsol.com/kochi/samsung-qm75c/,0,76,0%,8.37
https://www.aplustechsol.com/jamshedpur/samsung-interactive-display-flip-2-0/,0,76,0%,26.01
https://www.aplustechsol.com/exporters/samsung-hg50bu800/,0,75,0%,8.13
https://www.aplustechsol.com/ambattur/samsung-interactive-display-flip-2-0/,0,74,0%,50.74
https://www.aplustechsol.com/distributor/samsung-qm75c/,0,73,0%,6.74
https://www.aplustechsol.com/distributor/samsung-signage-display-qbc-series/,0,73,0%,15.7
https://www.aplustechsol.com/distributor/samsung-qb98tb/,0,73,0%,16.04
https://www.aplustechsol.com/delhi/samsung-interactive-display-flip-2-0/,0,73,0%,18.45
https://www.aplustechsol.com/siliguri/samsung-vm55bu/,0,72,0%,7.01
https://www.aplustechsol.com/pune/samsung-signage-display-crystal-uhd-qmc-series/,0,72,0%,10.06
https://www.aplustechsol.com/raipur/samsung-interactive-display-flip-pro-wm55b/,0,72,0%,67.21
https://www.aplustechsol.com/lucknow/samsung-vm55bu/,0,71,0%,6.86
https://www.aplustechsol.com/ghaziabad/samsung-55-inch-fhd-video-wall-display-vhc-e-series/,0,71,0%,26.61
https://www.aplustechsol.com/kalyan/samsung-65-inch-interactive-display-waf-series/,0,70,0%,9.56
https://www.aplustechsol.com/patna/samsung-interactive-display-flip-2-0/,0,69,0%,13.45
https://www.aplustechsol.com/vadodara/samsung-video-wall-display-extreme-narrow-bezel-vmb-e-series/,0,69,0%,15.07
https://www.aplustechsol.com/mumbai/samsung-qb55c/,0,68,0%,7.97
https://www.aplustechsol.com/mumbai/samsung-wa75c/,0,67,0%,7.94
https://www.aplustechsol.com/gurgaon/samsung-hotel-tv-4k-uhd-crystal-hgbu800/,0,67,0%,34.18
https://www.aplustechsol.com/exporters/samsung-qm65c/,0,66,0%,10.14
https://www.aplustechsol.com/distributor/samsung-video-wall-display-extreme-narrow-bezel-vmb-e-series/,0,66,0%,15.15
https://www.aplustechsol.com/nashik/samsung-qb55c/,0,65,0%,9.91
https://www.aplustechsol.com/nanded-waghala/samsung-interactive-display-flip-2-0/,0,65,0%,26.48
https://www.aplustechsol.com/jabalpur/samsung-interactive-display-flip-pro-wm85b/,0,64,0%,7.94
https://www.aplustechsol.com/raipur/samsung-qb55c/,0,64,0%,11.25
https://www.aplustechsol.com/amritsar/samsung-videowall-razor-narrow-bezel-vmb-r-series/,0,63,0%,9.43
https://www.aplustechsol.com/nashik/samsung-interactive-display-flip-2-0/,0,63,0%,23.37
https://www.aplustechsol.com/suppliers/samsung-hg50bu800/,0,62,0%,9.5
https://www.aplustechsol.com/faridabad/samsung-videowall-display-vmb-u-series/,0,62,0%,11.32
https://www.aplustechsol.com/thane/samsung-qm75c/,0,59,0%,7.29
https://www.aplustechsol.com/distributor/samsung-business-tv-uhd-crystal-4k-bec-h/,0,59,0%,23.46
https://www.aplustechsol.com/saharanpur/samsung-crystal-uhd-signage-display-qbc-n-series/,0,59,0%,54.02
https://www.aplustechsol.com/exporters/samsung-video-wall-display-extreme-narrow-bezel-vmb-e-series/,0,58,0%,18.5
https://www.aplustechsol.com/solapur/,0,57,0%,9.44
https://www.aplustechsol.com/ludhiana/samsung-wm55r/,0,56,0%,9.23
https://www.aplustechsol.com/vijayawada/samsung-smart-signage-with-compact-touch-display/,0,56,0%,13.3
https://www.aplustechsol.com/jaipur/samsung-wm65r/,0,55,0%,8.05
https://www.aplustechsol.com/distributor/samsung-qh55r/,0,55,0%,8.18
https://www.aplustechsol.com/ranchi/samsung-signage-display-qbc-series/,0,55,0%,56.22
https://www.aplustechsol.com/bangalore/samsung-wm65b/,0,54,0%,6.22
https://www.aplustechsol.com/suppliers/samsung-qb55cn/,0,54,0%,9.06
https://www.aplustechsol.com/indore/samsung-business-tv-befx-h2/,0,54,0%,9.07
https://www.aplustechsol.com/jaipur/samsung-wm75b/,0,53,0%,7.96
https://www.aplustechsol.com/blog/how-aplus-delivers-genuine-samsung-products-across-india/,0,53,0%,11.42
https://www.aplustechsol.com/ulhasnagar/samsung-interactive-display-flip-2-0/,0,53,0%,30
https://www.aplustechsol.com/nellore/samsung-uhd-signage-display-qpdx-5k-series/,0,53,0%,49.28
https://www.aplustechsol.com/gurgaon/samsung-vm55bu/,0,52,0%,5.48
https://www.aplustechsol.com/delhi/samsung-vm55be/,0,52,0%,5.96
https://www.aplustechsol.com/exporters/samsung-signage-display-crystal-uhd-qmc-series/,0,52,0%,21.56
https://www.aplustechsol.com/suppliers/samsung-qe75t/,0,51,0%,7.98
https://www.aplustechsol.com/suppliers/samsung-vm55cr/,0,51,0%,8.25
https://www.aplustechsol.com/exporters/samsung-videowall-extreme-narrow-bezels-uh55fe-series/,0,51,0%,11.16
https://www.aplustechsol.com/bareilly/samsung-wm75a/,0,50,0%,7.22
https://www.aplustechsol.com/exporters/samsung-qm98c/,0,50,0%,7.24
https://www.aplustechsol.com/gurgaon/samsung-24-inch-interactive-display-qbc-t-series/,0,50,0%,7.68
https://mail.aplustechsol.com/video-wall/samsung-videowall-razor-narrow-bezel-vmb-r-series/,0,50,0%,8.02
https://www.aplustechsol.com/bhiwandi/samsung-qm75c/,0,50,0%,8.94
https://www.aplustechsol.com/distributor/samsung-signage-display-qhc-series-high-brightness-uhd/,0,50,0%,11.66
https://www.aplustechsol.com/chandigarh/samsung-small-display-full-hd-qbr-b-series/,0,50,0%,14.9
https://www.aplustechsol.com/coimbatore/samsung-60-inch-4k-business-pro-tv-bed-h-series/,0,50,0%,66.3
https://www.aplustechsol.com/bhiwandi/samsung-vm55cr/,0,49,0%,6.98
https://www.aplustechsol.com/nashik/samsung-wm75a/,0,49,0%,9.73
https://www.aplustechsol.com/gurgaon/samsung-60-inch-4k-business-pro-tv-bed-h-series/,0,49,0%,21.65
https://www.aplustechsol.com/mumbai/samsung-smart-signage-with-full-hd-touch-display/,0,49,0%,24.22
https://www.aplustechsol.com/delhi/samsung-qb24rt/,0,48,0%,3.67
https://www.aplustechsol.com/hyderabad/samsung-vm55cr/,0,48,0%,5.79
https://www.aplustechsol.com/siliguri/samsung-qm98c/,0,48,0%,8.12
https://www.aplustechsol.com/delhi/samsung-qb55c/,0,48,0%,8.31
https://www.aplustechsol.com/jaipur/samsung-interactive-display-flip-pro-wm55b/,0,48,0%,9.02
https://www.aplustechsol.com/madurai/samsung-smart-signage-display-qet-series/,0,48,0%,15.08
https://www.aplustechsol.com/salem/,0,48,0%,16.04
https://www.aplustechsol.com/pune/samsung-vm55ce/,0,47,0%,6.89
https://www.aplustechsol.com/sitemap/,0,47,0%,9.51
https://www.aplustechsol.com/gulbarga/samsung-interactive-display-flip-pro-wm85b/,0,47,0%,12.02
https://www.aplustechsol.com/search/?search=sam,0,47,0%,16.64
https://www.aplustechsol.com/surat/samsung-smart-signage-with-full-hd-touch-display/,0,47,0%,18.87
https://www.aplustechsol.com/asansol/samsung-video-wall-display-extreme-narrow-bezel-vmb-e-series/,0,47,0%,22.47
https://www.aplustechsol.com/distributor/samsung-video-wall-display-razor-thin-bezels-vh55r-series/,0,47,0%,28.38
https://www.aplustechsol.com/udaipur/samsung-smart-signage-display-qet-series/,0,47,0%,39.06
https://www.aplustechsol.com/guntur/samsung-60-inch-4k-business-pro-tv-bed-h-series/,0,47,0%,45.62
https://www.aplustechsol.com/gaya/samsung-business-tv-befx-h2/,0,46,0%,6.65
https://www.aplustechsol.com/guntur/samsung-interactive-display-flip-2-0/,0,46,0%,21.22
https://www.aplustechsol.com/nashik/samsung-smart-signage-with-full-hd-touch-display/,0,46,0%,38.8
https://www.aplustechsol.com/guntur/samsung-uhd-signage-display-qpdx-5k-series/,0,46,0%,45.3
https://www.aplustechsol.com/delhi/samsung-qh43r/,0,45,0%,11.38
https://www.aplustechsol.com/guwahati/samsung-hotel-tv-4k-uhd-crystal-hgbu800/,0,45,0%,16.04
https://www.aplustechsol.com/guwahati/samsung-signage-display-crystal-uhd-qmc-series/,0,45,0%,27.93
https://www.aplustechsol.com/moradabad/samsung-smart-signage-with-full-hd-touch-display/,0,45,0%,51.31
https://www.aplustechsol.com/faridabad/,0,44,0%,6.57
https://www.aplustechsol.com/ulhasnagar/samsung-wm85a/,0,44,0%,7.23
https://www.aplustechsol.com/delhi/samsung-qb85c/,0,44,0%,7.59
https://www.aplustechsol.com/exporters/samsung-wa75d/,0,44,0%,7.7
https://www.aplustechsol.com/distributor/samsung-wa75d/,0,44,0%,11.93
https://mail.aplustechsol.com/samsung-hotel-tv/samsung-hotel-tv-hg55u701f/,0,43,0%,2.7
https://www.aplustechsol.com/delhi/samsung-wa65c/,0,43,0%,8.02
https://www.aplustechsol.com/suppliers/samsung-signage-display-qhc-series-high-brightness-uhd/,0,43,0%,21.51
https://www.aplustechsol.com/delhi/samsung-qb65cn/,0,42,0%,6.93
https://www.aplustechsol.com/gurgaon/samsung-wm65r/,0,42,0%,12.67
https://www.aplustechsol.com/surat/samsung-smart-signage-display-qet-series/,0,42,0%,13.17
https://www.aplustechsol.com/bhiwandi/samsung-business-tv-uhd-crystal-4k-bec-h/,0,42,0%,19.48
https://www.aplustechsol.com/distributor/samsung-interactive-display-flip-pro/,0,42,0%,19.86
https://www.aplustechsol.com/indore/samsung-wm85a/,0,41,0%,6.41
https://www.aplustechsol.com/pune/samsung-hotel-tv-hg55u701f/,0,41,0%,6.54
https://www.aplustechsol.com/kalyan/samsung-business-tv-be85f-h2/,0,41,0%,7.24
https://www.aplustechsol.com/lucknow/samsung-wa75c/,0,41,0%,8.61
https://www.aplustechsol.com/varanasi/samsung-qb24c/,0,41,0%,8.83
https://www.aplustechsol.com/madurai/samsung-interactive-display-flip-pro/,0,41,0%,11.59
https://www.aplustechsol.com/salem/samsung-video-wall-display-extreme-narrow-bezel-vhb-e-series/,0,41,0%,15.24
https://www.aplustechsol.com/dhanbad/samsung-interactive-display-flip-pro-wm55b/,0,41,0%,18.32
https://www.aplustechsol.com/mangalore/samsung-interactive-display-flip-pro-wm55b/,0,41,0%,25.39
https://mail.aplustechsol.com/kolkata/samsung-signage-display-qbc-series/,0,41,0%,30.24
https://www.aplustechsol.com/bhavnagar/samsung-qb55c/,0,40,0%,8.4
https://www.aplustechsol.com/thiruvananthapuram/samsung-uhd-signage-display-qpdx-5k-series/,0,40,0%,8.65
https://www.aplustechsol.com/distributor/samsung-wm85b/,0,40,0%,11.4
https://www.aplustechsol.com/bhubaneswar/samsung-interactive-display-flip-pro-wm55b/,0,40,0%,13
https://www.aplustechsol.com/vijayawada/samsung-hotel-tv-4k-uhd-crystal-hgbu800/,0,40,0%,16.32
https://www.aplustechsol.com/gwalior/samsung-signage-display-qhc-series-high-brightness-uhd/,0,40,0%,65.38
https://www.aplustechsol.com/nashik/,0,39,0%,5.36
https://www.aplustechsol.com/siliguri/samsung-wm65b/,0,39,0%,8.26
https://www.aplustechsol.com/bhiwandi/samsung-hotel-tv-hg55u701f/,0,39,0%,8.67
https://www.aplustechsol.com/jaipur/samsung-small-display-full-hd-qbr-b-series/,0,39,0%,25.54
https://www.aplustechsol.com/kanpur/samsung-video-wall-display-extreme-narrow-bezel-vmb-e-series/,0,39,0%,30.54
https://www.aplustechsol.com/bareilly/samsung-interactive-display-flip-pro/,0,39,0%,36.49
https://www.aplustechsol.com/exporters/samsung-qb55cn/,0,38,0%,6.29
https://www.aplustechsol.com/raipur/samsung-vm55cr/,0,38,0%,7.08
https://www.aplustechsol.com/bhiwandi/samsung-qb55c/,0,38,0%,7.71
https://www.aplustechsol.com/surat/samsung-interactive-display-flip-3/,0,38,0%,10.18
https://www.aplustechsol.com/pune/samsung-uhd-signage-display-qpdx-5k-series/,0,38,0%,24.32
https://www.aplustechsol.com/exporters/samsung-vm55bu/,0,37,0%,7.24
https://www.aplustechsol.com/distributor/samsung-qb65cn/,0,37,0%,8.65
https://www.aplustechsol.com/varanasi/samsung-interactive-display-flip-2-0/,0,37,0%,17.51
https://www.aplustechsol.com/gaya/samsung-wm75a/,0,36,0%,6
https://www.aplustechsol.com/kalyan/samsung-vm55cr/,0,36,0%,6.06
https://www.aplustechsol.com/salem/samsung-vm55ce/,0,36,0%,6.36
https://www.aplustechsol.com/distributor/samsung-qm65c/,0,36,0%,6.86
https://www.aplustechsol.com/kalyan/samsung-qb75c/,0,36,0%,7.56
https://www.aplustechsol.com/pimpri-and-chinchwad/samsung-business-tv-be85f-h2/,0,36,0%,7.72
https://www.aplustechsol.com/saharanpur/samsung-65-inch-interactive-display-waf-series/,0,36,0%,9.69
https://www.aplustechsol.com/nellore/samsung-smart-signage-with-full-hd-touch-display/,0,36,0%,68
https://www.aplustechsol.com/kalyan/samsung-hotel-tv-hg55u701f/,0,35,0%,6.77
https://www.aplustechsol.com/indore/samsung-qb75c/,0,35,0%,7.26
https://www.aplustechsol.com/kalyan/samsung-business-tv-uhd-crystal-4k-bec-h/,0,35,0%,7.37
https://mail.aplustechsol.com/video-wall/samsung-55-inch-video-wall-display-vmc-e-series/,0,35,0%,8.83
https://www.aplustechsol.com/distributor/samsung-qh43r/,0,35,0%,9.2
https://www.aplustechsol.com/kalyan/samsung-60-inch-4k-business-pro-tv-bed-h-series/,0,35,0%,11.74
https://www.aplustechsol.com/kanpur/samsung-smart-signage-with-full-hd-touch-display/,0,35,0%,15.94
https://mail.aplustechsol.com/thane/,0,35,0%,16.54
https://www.aplustechsol.com/greater-noida/samsung-signage-display-qbc-series/,0,35,0%,25.09
https://mail.aplustechsol.com/mumbai/samsung-smart-signage-display-qet-series/,0,35,0%,34.91
https://www.aplustechsol.com/nashik/samsung-video-wall-display-extreme-narrow-bezel-vmb-e-series/,0,35,0%,37.2
https://www.aplustechsol.com/gurgaon/samsung-vm55ce/,0,34,0%,6.09
https://www.aplustechsol.com/siliguri/samsung-vm55ce/,0,34,0%,7.06
https://www.aplustechsol.com/suppliers/samsung-wm85a/,0,34,0%,9.06
https://www.aplustechsol.com/dhanbad/samsung-business-tv-befx-h2/,0,34,0%,9.35
https://www.aplustechsol.com/distributor/samsung-qe75t/,0,34,0%,9.68
https://www.aplustechsol.com/mangalore/samsung-wm75a/,0,34,0%,10.06
https://www.aplustechsol.com/indore/samsung-smart-signage-with-compact-touch-display/,0,34,0%,13.5
https://mail.aplustechsol.com/samsung-smart-signage/samsung-signage-display-crystal-uhd-qmc-series/,0,34,0%,36.06
https://www.aplustechsol.com/delhi/samsung-wm75b/,0,33,0%,6.45
https://www.aplustechsol.com/indore/samsung-wa65c/,0,33,0%,8
https://www.aplustechsol.com/mira-and-bhayander/samsung-qm32r-t/,0,33,0%,9.64
https://www.aplustechsol.com/guwahati/samsung-interactive-display-flip-pro/,0,33,0%,13
https://www.aplustechsol.com/amravati/samsung-video-wall-display-extreme-narrow-bezel-vmb-e-series/,0,33,0%,18.97
https://www.aplustechsol.com/exporters/samsung-smart-signage-display-qet-series/,0,33,0%,19.18
https://www.aplustechsol.com/ludhiana/samsung-interactive-display-flip-2-0/,0,33,0%,19.97
https://www.aplustechsol.com/varanasi/samsung-smart-signage-with-compact-touch-display/,0,33,0%,23.27
https://www.aplustechsol.com/ludhiana/samsung-hotel-tv-hg75u700f/,0,32,0%,6.06
https://www.aplustechsol.com/exporters/samsung-qb55c/,0,32,0%,6.81
https://www.aplustechsol.com/ulhasnagar/samsung-qb55c/,0,32,0%,8.25
https://www.aplustechsol.com/chandigarh/samsung-wm75b/,0,32,0%,9.59
https://www.aplustechsol.com/kochi/samsung-65-inch-interactive-display-waf-series/,0,32,0%,11.91
https://www.aplustechsol.com/faridabad/samsung-uhd-signage-display-qpdx-5k-series/,0,32,0%,13.66
https://www.aplustechsol.com/salem/samsung-crystal-uhd-signage-display-qbc-n-series/,0,32,0%,16.16
https://www.aplustechsol.com/gorakhpur/samsung-interactive-display-flip-2-0/,0,32,0%,19.22
https://www.aplustechsol.com/haora/samsung-crystal-uhd-signage-display-qbc-n-series/,0,32,0%,56.38
https://www.aplustechsol.com/kochi/samsung-qm98c/,0,31,0%,6.13
https://www.aplustechsol.com/bhiwandi/samsung-wm65r/,0,31,0%,7.1
https://www.aplustechsol.com/mumbai/samsung-qe75t/,0,31,0%,7.81
https://www.aplustechsol.com/durgapur/samsung-hotel-tv-hg55u701f/,0,31,0%,8.26
https://www.aplustechsol.com/gaya/samsung-uhd-signage-display-qpdx-5k-series/,0,31,0%,8.29
https://www.aplustechsol.com/jamnagar/samsung-wm65b/,0,31,0%,8.87
https://www.aplustechsol.com/saharanpur/samsung-interactive-display-flip-pro-wm85b/,0,31,0%,9.58
https://www.aplustechsol.com/patna/samsung-qb65c/,0,31,0%,11.13
https://www.aplustechsol.com/kochi/samsung-wad-interactive-display-android-os/,0,31,0%,12.1
https://www.aplustechsol.com/bhiwandi/samsung-business-tv-befx-h2/,0,31,0%,12.84
https://www.aplustechsol.com/gulbarga/samsung-interactive-display-flip-2-0/,0,31,0%,17.52
https://www.aplustechsol.com/moradabad/samsung-interactive-display-flip-pro/,0,31,0%,18.84
https://www.aplustechsol.com/distributor/samsung-wm65b/,0,30,0%,11.17
https://www.aplustechsol.com/thiruvananthapuram/samsung-smart-signage-with-full-hd-touch-display/,0,30,0%,15.7
https://www.aplustechsol.com/agra/samsung-video-wall-display-extreme-narrow-bezel-vmb-e-series/,0,30,0%,16.07
https://www.aplustechsol.com/saharanpur/samsung-signage-display-qhc-series-high-brightness-uhd/,0,30,0%,16.67
https://www.aplustechsol.com/delhi/samsung-hotel-tv-4k-uhd-crystal-hgbu800/,0,30,0%,34.13
https://www.aplustechsol.com/kochi/samsung-wa65c/,0,29,0%,6.07
https://www.aplustechsol.com/patna/samsung-24-inch-interactive-display-qbc-t-series/,0,29,0%,6.55