Top queries,Clicks,Impressions,CTR,Position
aplus technology solutions private limited,553,1628,33.97%,1.12
aplus technology solutions pvt ltd,124,238,52.1%,1.02
aplus technology,115,743,15.48%,4.91
aplus technologies,94,749,12.55%,6.1
hg55u701f,84,597,14.07%,2.63
a plus technologies pvt ltd,40,390,10.26%,4.56
samsung hg55u701f,26,255,10.2%,3.45
aplus company,25,5869,0.43%,30.3
befx-h2,23,656,3.51%,4.49
a plus technology,20,351,5.7%,8.89
a plus technologies,19,372,5.11%,7.94
samsung interactive display distributor,16,166,9.64%,15.66
be85f,15,162,9.26%,3.56
aplus tech,13,280,4.64%,8.25
aplus technology solutions,12,31,38.71%,1
aplus technology solutions pvt. ltd.,12,19,63.16%,1
samsung waf 65,9,508,1.77%,7.76
samsung be85f,9,133,6.77%,3.32
aplus,8,1168,0.68%,7.28
a plus company,8,420,1.9%,5.88
lh43qmcepgcxue,8,302,2.65%,6.82
samsung commercial display distributor,8,114,7.02%,7.99
aplustechnology,8,36,22.22%,4.42
lh43befh8gulxl,7,546,1.28%,6.38
lh55wmrwbgcxxl,7,334,2.1%,4.95
be65fx-h2,7,187,3.74%,5.37
aplus tech solutions,6,385,1.56%,7.85
vm55cr,6,342,1.75%,5.3
hg55u701faulxl,6,279,2.15%,4.14
hg55u701f datasheet,6,41,14.63%,2.83
wa86f,5,411,1.22%,7.82
vm55ce samsung,5,145,3.45%,5.9
wm85b,4,364,1.1%,7.64
a+ company,4,248,1.61%,5.15
hg43u701faulxl,4,155,2.58%,4.65
technology solutions pvt ltd,4,116,3.45%,7.88
lh43qetelgcxxl,4,75,5.33%,3.95
aplustech,4,68,5.88%,6.94
lh55qetelgcxxl,4,54,7.41%,5.44
lh85befhlguxxl,4,45,8.89%,2.29
qb65c,3,386,0.78%,7.6
aplus solutions,3,350,0.86%,12.15
samsung flip pro interactive display,3,341,0.88%,24.16
hg55u701,3,267,1.12%,6.84
samsung qb75c price,3,176,1.7%,10.11
a+ technologies,3,169,1.78%,5.98
a+ technology,3,164,1.83%,11.58
a plus technologies (pvt) ltd,3,144,2.08%,7.31
lh75befhlguxxl,3,123,2.44%,5
a plus a technologies,3,101,2.97%,6.43
qb55cn,3,50,6%,4.26
hg85u800f,3,19,15.79%,3.42
samsung qbc series,2,2470,0.08%,21.18
qm98c,2,856,0.23%,7.99
samsung flip pro,2,821,0.24%,19.87
samsung qm98c,2,773,0.26%,8.1
wm75a,2,608,0.33%,13.76
samsung qm65c,2,511,0.39%,9.74
samsung qb65c,2,398,0.5%,8.6
qb85c,2,324,0.62%,8.23
vm55ce,2,315,0.63%,6.25
lh115qhfebgxza,2,276,0.72%,8.26
samsung wm85b,2,273,0.73%,9.48
lh43bechlgklxl,2,232,0.86%,7.98
samsung qb75c,2,208,0.96%,8.48
a tech solutions noida sector 2,2,203,0.99%,1.55
samsung qbc,2,178,1.12%,17.61
samsung flip pro wm85b,2,143,1.4%,6.29
aplusa technologies bangalore,2,111,1.8%,9.45
aplus it retrieval pvt. ltd,2,84,2.38%,4.24
samsung bec-h,2,84,2.38%,18.52
samsung vm55c-e,2,72,2.78%,7
a plus tech,2,58,3.45%,8.07
samsung be65fx,2,47,4.26%,9.04
samsung display distributor,2,35,5.71%,13.91
apluss,2,33,6.06%,9.45
samsung hg55u701faulxl,2,26,7.69%,6.42
aplusa technologies private limited,2,24,8.33%,15.5
aplustechsol,2,23,8.7%,1
aplus technology solutions private limited kolkata,2,14,14.29%,1.14
samsung vm55b-u price,2,13,15.38%,7
samsung qet series,1,2089,0.05%,18.45
samsung interactive display 85,1,865,0.12%,18.52
qm65c,1,781,0.13%,8.66
samsung flip interactive display,1,570,0.18%,24.56
qm75c,1,534,0.19%,8.69
wm55b,1,453,0.22%,24.55
samsung hotel tv,1,398,0.25%,19.98
qb75c,1,355,0.28%,7.92
qh115fx,1,345,0.29%,8.97
samsung qb85c,1,296,0.34%,9.01
vm55bu,1,268,0.37%,6.18
samsung qm75c,1,210,0.48%,8.69
hbu8000,1,205,0.49%,11.79
samsung interactive display 85 price in india,1,191,0.52%,10.27
lh50qmcepgcxue,1,174,0.57%,8.11
samsung vm55cr,1,159,0.63%,6.21
lh65wmrwbgcxxl,1,158,0.63%,6.16
lh55vhcebgbxza,1,153,0.65%,8.47
hg50bu800,1,127,0.79%,8.31
samsung wm85a,1,118,0.85%,13.56
samsung flip 85 inch,1,107,0.93%,33.21
samsung lh55wmrwbgcxxl,1,95,1.05%,5.89
a+ solution,1,95,1.05%,7.83
qpdx-5k,1,92,1.09%,8.32
samsung qm65c price,1,89,1.12%,9.53
samsung waf 65 inch,1,88,1.14%,7.8
samsung 85-inch interactive display price,1,88,1.14%,10.16
samsung wm75a,1,88,1.14%,26.92
aplus it,1,80,1.25%,19.23
a plus solutions,1,79,1.27%,23.96
samsung hg55u701,1,77,1.3%,7.66
be75fx-h2,1,75,1.33%,6.87
samsung be65fx-h2,1,73,1.37%,7.99
samsung hbu8000,1,70,1.43%,14.16
qb24c,1,69,1.45%,8.88
samsung qet,1,59,1.69%,16
samsung wa86f interactive display,1,57,1.75%,9.18
qb85c samsung,1,56,1.79%,11.32
samsung flip pro 55,1,55,1.82%,15.13
samsung wm85b price,1,52,1.92%,16.65
vm55c-r,1,48,2.08%,10.31
qm32r-t,1,46,2.17%,4.89
flip pro wm55b,1,35,2.86%,8.69
samsung qm32r-t,1,34,2.94%,6.38
samsung waf series,1,34,2.94%,13.06
hbu8000 samsung,1,31,3.23%,11
lh75wmawlgcxxl,1,28,3.57%,3.32
lh65qhcebgcxue,1,28,3.57%,8.14
vm55bu samsung,1,27,3.7%,7.19
wmn-4277sf,1,26,3.85%,8.85
wad android.com,1,22,4.55%,7.73
aplus services,1,22,4.55%,9.05
samsung waf,1,21,4.76%,15.62
hau8000 crystal uhd 4k hotel tv,1,20,5%,13.65
qbc,1,20,5%,25.35
technology solutions,1,19,5.26%,1.37
samsung lh43bechlgklxl,1,19,5.26%,9
samsung 105 display,1,19,5.26%,10.68
samsung qb75c specifications,1,19,5.26%,11.21
samsung be43fx-h2 price,1,17,5.88%,10.71
waf 65 samsung,1,15,6.67%,8.47
samsung flip 55 interactive display,1,15,6.67%,19.27
apluss info services,1,14,7.14%,8.57
be85fxh2,1,11,9.09%,6.82
samsung tv for hotels,1,11,9.09%,18.82
samsung flip pro 85 inch,1,9,11.11%,8
samsung be50fx-h2,1,9,11.11%,10.67
lh65bedhlgklxl,1,8,12.5%,4.25
samsung flip wm85b,1,8,12.5%,9.38
samsung interactive,1,7,14.29%,27
yes,1,6,16.67%,5.17
lh43bechlgklxl tv business 43,1,4,25%,9.5
display,1,3,33.33%,2.67
samsung qm65c specs,1,2,50%,9.5
price,1,2,50%,20
corporate company near me,1,1,100%,1
it company,1,1,100%,1
website link,1,1,100%,1
yes help me find,1,1,100%,1
yes please,1,1,100%,2
yes pls,1,1,100%,2
supplier details,1,1,100%,3
good brand,1,1,100%,4
show me visual,1,1,100%,4
small display,1,1,100%,11
samsung qbc vs qmc,1,1,100%,21
crystal uhd signage,0,1935,0%,28.92
samsung qhc series,0,1809,0%,20.75
samsung digital signage,0,1612,0%,33.38
samsung qmc series,0,1573,0%,27.97
samsung flip 3 interactive display,0,1007,0%,17.13
samsung smart signage,0,975,0%,25.19
samsung uhd signage,0,889,0%,34.54
samsung interactive display,0,769,0%,33.16
samsung 55 interactive display,0,688,0%,37.57
samsung hospitality display,0,687,0%,60.34
samsung 55 video wall display,0,564,0%,13.84
digital signage samsung,0,500,0%,35.21
samsung smart business tv,0,492,0%,55
fhd smart signage,0,486,0%,32.12
samsung video wall,0,455,0%,28.11
samsung hospitality television,0,437,0%,34.18
samsung signage displays,0,428,0%,48.92
samsung digital sign,0,421,0%,70.69
samsung hospitality tv,0,417,0%,31.5
samsung flip 2 55,0,400,0%,55.08
samsung flip 2 interactive display,0,395,0%,20.46
samsung signage,0,380,0%,22.91
samsung hospitality led tv,0,335,0%,78.21
samsung tv bed,0,318,0%,65.33
samsung business tv,0,304,0%,14.71
samsung hotel,0,288,0%,13.29
samsung display solution,0,286,0%,27.39
samsung flip 2,0,276,0%,52.29
samsung video wall solutions,0,269,0%,46.56
samsung qhc,0,267,0%,25.82
smart signage,0,253,0%,37.76
samsung business tv 50 inch,0,246,0%,71.93
samsung video wall 55 inch,0,243,0%,48.74
flip pro,0,241,0%,21.42
samsung hotel tvs,0,236,0%,79.86
wm65r,0,231,0%,7.61
flip pro signage,0,231,0%,79.89
samsung flip 3 wm75a,0,228,0%,25.77
samsung advertising display,0,217,0%,32.67
a plus technology partners,0,213,0%,35.6
samsung flip display,0,213,0%,46.58
samsung wm55b,0,209,0%,24.87
32 smart signage,0,208,0%,70.39
a plus a it solutions pvt ltd,0,207,0%,11.59
samsung flip 2 smart board,0,207,0%,55.9
samsung smart board flip 3,0,207,0%,56.73
samsung interactive display 75,0,205,0%,46.52
business tv samsung 43,0,202,0%,77.09
samsung led video wall,0,198,0%,30.28
digital signage salem,0,197,0%,51.73
samsung smart board,0,188,0%,61.78
samsung flip 3 75 inch,0,188,0%,66.32
samsung flip 3 interactive display 75,0,187,0%,25.49
samsung flip 3 interactive display 85,0,185,0%,38.58
samsung signage display,0,183,0%,26.26
samsung active led video wall,0,175,0%,59.74
samsung interactive whiteboard,0,174,0%,30.8
samsung crystal uhd signage,0,173,0%,26.18
flip 2.0,0,165,0%,25.7
samsung wm65r,0,163,0%,8.13
samsung hospitality,0,161,0%,24.64
samsung qbr series,0,161,0%,27.9
samsung signage tv price,0,161,0%,30.01
hotel tv,0,156,0%,44.01
samsung be series,0,155,0%,32.46
interactive display samsung,0,155,0%,45.21
uhd signage,0,154,0%,42.6
samsung digital displays,0,152,0%,60.66
samsung digital signage player,0,151,0%,34
samsung aplus,0,150,0%,8.32
signage display samsung,0,148,0%,45.07
samsung hospitality tv price,0,146,0%,32.5
samsung professional 65 bet-h crystal uhd 4k pro tv,0,143,0%,54.52
samsung interactive pro 65,0,142,0%,51.74
samsung retail display,0,141,0%,20.97
samsung interactive pro,0,141,0%,38.85
tv for hotel room,0,141,0%,43.75
smart signage samsung,0,139,0%,21.42
samsung vm55ce,0,138,0%,6.15
samsung qmc,0,135,0%,35.38
samsung otel tv,0,135,0%,41.32
samsung touch screen,0,134,0%,27.5
samsung high brightness display,0,126,0%,25.31
crystal uhd display,0,126,0%,41
samsung interactive flat panel,0,126,0%,76.16
samsung touch screen monitor,0,123,0%,23.89
samsung video wall 55,0,122,0%,29.99
samsung display solutions,0,121,0%,28.92
tv hospitality samsung,0,121,0%,69.88
samsung touch display,0,120,0%,23.73
samsung qbr,0,119,0%,33.82
samsung touch screens,0,119,0%,63.68
digital signage mumbai,0,118,0%,87.36
full hd interactive display,0,117,0%,57.91
samsung flip pro price,0,116,0%,10.09
samsung video wall panels,0,113,0%,73.72
slim bezel led video wall,0,113,0%,87.77
kochi digital signages,0,111,0%,19.26
samsung flip smart board,0,109,0%,36.27
samsung 85 inch interactive display price,0,106,0%,10.18
vmbu,0,103,0%,8.98
samsung lh43befh8gulxl,0,101,0%,8.75
samsung qm85rb,0,101,0%,47.98
interactive digital flipchart display,0,101,0%,79.99
qb55c,0,100,0%,9.78
samsung video wall displays,0,100,0%,41.03
samsung qb24rt,0,99,0%,33.95
samsung flip pro wm55b,0,98,0%,17.87
wm85a,0,97,0%,7.9
samsung qh115fx,0,96,0%,25.61
samsung small display,0,95,0%,16.03
samsung qb55c price,0,93,0%,10.9
digital signage player for samsung,0,93,0%,35.19
samsung flip 2 wm55r,0,92,0%,53.33
samsung iwb,0,92,0%,53.42
samsung professional 50 bet-h crystal uhd 4k pro tv,0,91,0%,66
qm98c samsung,0,89,0%,8.49
samsung digital signage solutions,0,89,0%,25.37
be65fx,0,87,0%,7.79
samsung qm98c price,0,87,0%,8.16
samsung qb65c price,0,87,0%,10.87
samsung qb55c,0,86,0%,14.41
55inch video wall,0,85,0%,83.56
samsung business tv bet series,0,84,0%,44.11
samsung signage solutions,0,84,0%,75.99
samsung flip 2 75 inch,0,84,0%,90.43
samsung flip display 65,0,83,0%,77.49
75 samsung interactive display,0,83,0%,89.22
crystal uhd signage qmc,0,82,0%,9.45
aplusa technologies,0,80,0%,19.74
samsung hospitality displays,0,80,0%,64.81
samsung qm75c price,0,79,0%,9.39
samsung flip interactive display price,0,79,0%,20.44
samsung 75 touch screen,0,79,0%,93.09
samsung qpdx-5k,0,78,0%,7.5
thin bezel tv for video wall,0,78,0%,55.99
samsung 55 videowall,0,78,0%,70.4
bec h,0,77,0%,11.69
samsung smart signage display,0,77,0%,59.36
samsung qb series,0,77,0%,68.99
samsung 85 inch interactive display,0,76,0%,11.41
hospitality tv samsung,0,76,0%,37.78
samsung outdoor signage,0,76,0%,89.14
business full hd smart signage,0,75,0%,56.32
samsung vm55bu,0,74,0%,8.08
www.flipandroid.com,0,74,0%,9.59
aplus solution,0,74,0%,20.84
wm55r,0,74,0%,26.72
samsung flip 2.0,0,73,0%,20.51
samsung touch,0,73,0%,35.6
smart signage display,0,73,0%,55.16
samsung hg50bu800,0,72,0%,8.42
samsung wm55r,0,72,0%,49.99
wa75c,0,71,0%,9.28
samsung qb50c price,0,71,0%,9.46
samsung flip smart board price,0,71,0%,17.35
samsung 75 digital signage,0,71,0%,51.25
samsung business tv 163.9 cm price,0,70,0%,9.01
samsung qb85c price,0,69,0%,10.86
samsung professional 43 bet-h crystal uhd 4k pro tv,0,69,0%,58.03
extreme ultra narrow large format displays,0,68,0%,45.82
wm85b samsung,0,66,0%,7.18
samsung flip tv,0,66,0%,38.42
samsung interactive panel 85 inch,0,65,0%,11.15
samsung led professional display,0,65,0%,49.98
smart tv signage,0,65,0%,69.03
samsung,0,64,0%,3.62
samsung qbc 55,0,64,0%,9.38
samsung smart signage tv,0,64,0%,28.22
samsung professional 55 bet-h crystal uhd 4k pro tv,0,64,0%,58.36
hbu8000 crystal uhd 4k hotel tv,0,62,0%,10.94
qb50c,0,62,0%,14.94
hotel samsung,0,62,0%,23.95
samsung 32 digital signage,0,62,0%,94.1
samsung qb98tb,0,61,0%,46.39
samsung smart signage 32 inch,0,61,0%,85.75
samsung interactive panel,0,60,0%,26.87
video wall 55 samsung,0,60,0%,55.57
samsung flip wm75a,0,60,0%,69.2
qb65c samsung,0,59,0%,8.46
hbu8000 crystal uhd 4k,0,59,0%,9.63
samsung commercial displays,0,59,0%,25.47
a tech solutions noida,0,58,0%,3.62
samsung qb24c,0,58,0%,8.16
samsung led wall,0,58,0%,25.53
samsung meeting room display,0,58,0%,86.97
samsung flip 3 75,0,57,0%,36.88
samsung video wall panel,0,57,0%,67.61
zero bezel video wall,0,57,0%,96.75
samsung touchscreen,0,56,0%,33.05
business smart signage full hd,0,56,0%,59.39
flip 85 samsung,0,56,0%,84.16
samsung wma series,0,54,0%,10.44
samsung digital signage display,0,54,0%,35.46
samsung flip pro 85,0,53,0%,9.55
samsung crystal uhd hbu8000,0,53,0%,10.79
tvlogic distributor in india,0,53,0%,14.81
qb75c samsung,0,52,0%,9
aarelus technologies,0,52,0%,9.73
qmc kochi,0,52,0%,9.79
crystal uhd hbu8000,0,52,0%,10.87
samsung business tv price,0,52,0%,45.46
7834anh datasheet,0,51,0%,9.25
bec-h,0,51,0%,14.63
"which manufacturers prioritize thin bezels in their television designs for 
a more immersive viewing experience?",0,51,0%,28.82
samsung distributorship,0,51,0%,49.41
samsung professional display smart signage,0,51,0%,67.33
qb55c manufacturer,0,50,0%,7.02
samsung qb50c,0,50,0%,20.64
samsung videowall,0,50,0%,34.3
retail signage solutions mumbai,0,50,0%,57.32
wm55b samsung,0,49,0%,10.1
lh43bedhlgfxgo,0,49,0%,10.29
32 inch smart signage display business,0,49,0%,50.9
samsung qb24r-b,0,49,0%,56.51
samsung digital board bari,0,49,0%,61.61
samsung retail signage,0,49,0%,82.24
samsung h2,0,48,0%,3.23
aplusa,0,48,0%,4.69
samsung crystal uhd hbu8000 price,0,48,0%,11.6
a plus solution,0,48,0%,14.21
samsung vm55c-r,0,47,0%,8.91
samsung touch monitor,0,46,0%,14.39
digital signage in bangalore,0,46,0%,75.74
wm65r samsung,0,45,0%,8.51
qbc samsung,0,45,0%,9.13
samsung qbr b series,0,45,0%,9.71
samsung flip 3 whiteboard,0,45,0%,23.22
tv samsung hospitality,0,45,0%,36.09
samsung videowall display,0,45,0%,59.18
vmb-u,0,44,0%,6.3
qm65c price,0,44,0%,9.3
सैमसंग डिस्प्ले,0,44,0%,11.41
samsung 85 interactive display,0,44,0%,12.45
video wall tv samsung,0,44,0%,70.09
samsung signage business,0,43,0%,69.14
samsung touch screen flip,0,43,0%,78.77
smart buy chennai photos,0,41,0%,2.37
aplusolutions,0,41,0%,4.95
qm65c samsung,0,41,0%,8.95
samsung bed,0,41,0%,10.2
samsung video wall display 55,0,41,0%,21.07
samsung vmb u,0,41,0%,35.8
vm55c-e,0,40,0%,7.88
samsung qbc 43,0,40,0%,8.5
aplus website,0,40,0%,16.45
best digital signages in kochi,0,40,0%,24.52
video wall samsung,0,40,0%,27.25
samsung interactive pro 85,0,40,0%,30.4
wm65b,0,39,0%,7.15
samsung touch screen tv,0,39,0%,28.49
samsung video wall control room,0,39,0%,87.31
samsung lh115qhfebgxza,0,38,0%,6.34
qpdx,0,38,0%,9.13
qh115fx samsung,0,38,0%,9.63
wa86f samsung,0,38,0%,12.18
samsung digital whiteboard,0,38,0%,24.84
samsung signage tv,0,38,0%,30.11
samsung display signage,0,38,0%,39.5
samsung videowall konfigürasyonu,0,38,0%,74.63
samsung business tv 43,0,38,0%,86.71
waf series,0,37,0%,8.14
samsung flip 3 board,0,37,0%,11.35
lodging 4k tvs,0,37,0%,29.46
narrow bazel,0,37,0%,90.57
samsung flip 3 tv,0,36,0%,21.86
flip pro wm85b,0,35,0%,5.4
qm32r,0,35,0%,8.23
ultra thin bezel tv for video wall,0,35,0%,78
smart signage de samsung,0,35,0%,93.66
qh115fx dimensions,0,34,0%,8.85
samsung video wall display,0,34,0%,17.15
samsung interactive display 65,0,34,0%,29.24
touch display,0,34,0%,59.41
tv for hotel,0,34,0%,62.26
samsung smart signage 98,0,33,0%,11.39
samsung waf series interactive display,0,33,0%,11.52
samsung 98 inch interactive display price in india,0,32,0%,9.19
samsung wa86f,0,32,0%,9.69
hotel wayfinding mumbai,0,32,0%,33
wayfinding solutions in mumbai,0,32,0%,48.97
samsung hospitality tv 55 inch price,0,32,0%,50.72
"samsung video wall beverly hills, ca",0,32,0%,53.47
qb65c price,0,31,0%,10.29
wealus technology solutions pvt ltd,0,31,0%,30.06
samsung all in one led,0,31,0%,69.52
uhd smart signage,0,31,0%,79.77
samsung 115 display,0,30,0%,8.9
samsung high brightness,0,30,0%,21.3
samsung flip tv 85 inch,0,30,0%,22.03
samsung display,0,30,0%,37.07
samsung interactive display screen share app,0,30,0%,59.47
samsung 65 video wall,0,30,0%,78.37
samsung qm65c specifications,0,29,0%,6.59
a+ solutions,0,29,0%,10.72
65 interactive signage flip,0,29,0%,12.79
samsung flipboard,0,29,0%,38.07
samsung smart board flip,0,29,0%,76.97
samsung hotel televisions,0,29,0%,88.34
local guide program,0,28,0%,1
tvsaplus.online,0,28,0%,5.75
video wall samsung 55,0,28,0%,12.43
#aplus,0,28,0%,16.75
smart signage solutions,0,28,0%,27.29
smart digital signage solutions,0,28,0%,45
interactive professional display,0,28,0%,46.71
no bezel video wall,0,28,0%,84.21
flip deals patna,0,27,0%,8.56
samsung qm32r price,0,27,0%,9.33
सैमसंग का डिस्प्ले,0,27,0%,10.52
samsung interactive tv,0,27,0%,26.07
samsung flip2,0,27,0%,46.22
samsung smart signage 32,0,27,0%,64.81
samsung video walls,0,27,0%,74.41
smart signage technology,0,27,0%,75.89
samsung display supplier,0,26,0%,7.77
85 interactive signage flip,0,26,0%,12.42
samsung monitor distributor,0,26,0%,17.19
samsung smart whiteboard,0,26,0%,30.15
samsung interactive digital board,0,26,0%,58.19
hospitality samsung,0,26,0%,91.77
samsung flip wm65r,0,25,0%,7.52
qh115f-x,0,25,0%,8.16
hg50bu800 samsung,0,25,0%,8.56
lh65wadwlgcxxs,0,25,0%,8.56
फुल डिस्प्ले,0,25,0%,9.2
samsung 105 inch display,0,25,0%,9.44
flip ranchi,0,25,0%,11.04
interactive signage flip,0,25,0%,12.64
samsung led display,0,25,0%,38.8
samsung hospitality tvs,0,25,0%,41
thriveon solutions bangalore,0,25,0%,55.76
samsung flip pro wm85b interactive display,0,24,0%,8.5
qe75t,0,24,0%,9
qb55c samsung,0,24,0%,10.54
samsung smart signage interactive display,0,24,0%,10.58
smart sinage,0,24,0%,36.79
samsung qm98c specifications,0,23,0%,5.91
qm85c,0,23,0%,7
samsung qm32r,0,23,0%,9.74
aplusa technologies pvt ltd,0,23,0%,15.91
touch monitor samsung,0,23,0%,28.91
samsung digital display,0,23,0%,51.22
samsung digital signage 43,0,23,0%,74.04
what are the business benefits of using samsung android tv?,0,22,0%,3.68
a plus it solutions,0,22,0%,4.82
qm75c samsung,0,22,0%,7.86
qmc series,0,22,0%,10.77
samsung interactive display waf series,0,22,0%,12.27
hotel tv samsung,0,22,0%,13.95
qmc samsung,0,22,0%,29.91
samsung touch screen board,0,22,0%,35.68
samsung flip monitor,0,22,0%,37.27
samsung flip touch screen,0,22,0%,38.59
samsung interactive display flip 75,0,22,0%,46.27
samsung smart signage platform,0,22,0%,46.68
samsung interactive touch screen tv,0,22,0%,66.18
vh55r,0,21,0%,7.95
qe55t,0,21,0%,10.14
samsung visual merchandising,0,21,0%,20.52
samsung slim bezel tv,0,21,0%,21.29
hotel tv solution,0,21,0%,46.24
samsung video wall screen,0,21,0%,47.29
modelos qbr,0,21,0%,79.24
vrd best foods pvt ltd photos,0,20,0%,2.15
technology,0,20,0%,7.2
samsung qh43r,0,20,0%,8.2
samsung qb85c specifications,0,20,0%,8.7
samsung 115 inch display,0,20,0%,8.75
qbc 4k,0,20,0%,9.8
qb55c price,0,20,0%,11.1
flip pro wm55b interactive display,0,20,0%,11.45
samsung b24,0,20,0%,18.2
samsung commercial tv,0,20,0%,27.45
touch screen monitor samsung,0,20,0%,42.45
samsung display wall,0,20,0%,50.8
samsung wm65b,0,20,0%,51.45
samsung flip 55,0,20,0%,58.85
samsung digital board,0,20,0%,64
smart signage tv,0,20,0%,74.15
samsung signage 55,0,20,0%,89.65
bea h crystal uhd 4k 55 business tv,0,20,0%,90.55
monitor digital signage samsung,0,20,0%,92.8
is samsung crystal uhd a good tv,0,19,0%,1
a plus contact number,0,19,0%,5.58
be85fx-h2,0,19,0%,5.89
hu8000f,0,19,0%,5.95
waf 65,0,19,0%,6.89
wm55f,0,19,0%,7.05
vm55c-e samsung,0,19,0%,8.16
lh105qpd5bgxza,0,19,0%,9.21
wa65c,0,19,0%,9.32
befx,0,19,0%,9.89
qm55c,0,19,0%,9.89
aplusa technologies pune,0,19,0%,10.63
wm75a samsung,0,19,0%,12.79
samsung wad,0,19,0%,13.58
qh55r,0,19,0%,13.63
samsung interactive display flip 65,0,19,0%,30.16
signage samsung qbr series,0,19,0%,35.89
samsung screen touch,0,19,0%,40.11
aplus support,0,19,0%,50.63
32 smart signage kijelző,0,19,0%,90.32
a+ technical services,0,18,0%,5.11
aplus phone number,0,18,0%,5.72
samsung flip pro 55 inch,0,18,0%,7.44
qbc_qbc 2031060923746758984,0,18,0%,9.72
be85 samsung,0,18,0%,10.28
best tv for hotel room,0,18,0%,10.67
a plus box solutions,0,18,0%,11.22
qhc samsung,0,18,0%,11.33
aplusa technologies pvt. ltd,0,18,0%,22.39
a plus fixtures private limited,0,18,0%,31.28
samsung flip wm55r,0,18,0%,51.67
flip tv samsung,0,18,0%,58.11
samsung signage monitor,0,18,0%,70.22
samsung interactive whiteboard price,0,18,0%,74.78
samsung 2x2 video wall,0,18,0%,80.5
qm98c dimensions,0,17,0%,6.65
private,0,17,0%,7.82
samsung qm32rt,0,17,0%,8.53
samsung qm85c,0,17,0%,9.24
samsung 55 inch video wall display,0,17,0%,17.53
a-plus company,0,17,0%,17.76
85 interactive display,0,17,0%,19.82
crystal signage,0,17,0%,21.76
samsung commercial display,0,17,0%,28.06
touch screen samsung,0,17,0%,29.71
samsung whiteboard flip 3,0,17,0%,31.47
touchscreen samsung,0,17,0%,31.47
signage samsung,0,17,0%,32
interactive flat panel samsung,0,17,0%,44.06
hg75bu800nfxza,0,17,0%,50.35
samsung digital screen,0,17,0%,52
ux ui for digital signage,0,17,0%,63.12
samsung professional display price,0,17,0%,66
smart tv hotel,0,17,0%,67.29
tv hotel samsung,0,17,0%,76.59
flip pro 85,0,17,0%,84.65
private limited,0,16,0%,3.06
aplusolution,0,16,0%,4.75
samsung 105 inch tv price in india,0,16,0%,6.56
vhc tv,0,16,0%,8.25
samsung flip pro price india,0,16,0%,8.69
samsung interactive display wa65f,0,16,0%,9.69
samsung flip 85,0,16,0%,9.88
samsung bed-h series,0,16,0%,10.19
qb55c samsung price,0,16,0%,11.19
qbc series,0,16,0%,11.88
samsung be55fx-h2,0,16,0%,12.5
best digital signages in kerala,0,16,0%,34.94
samsung signage 43,0,16,0%,62.75
samsung tv support bhopal,0,16,0%,68.88
samsung video wall tv,0,16,0%,74.62
samsung lh55qetelgcxxl,0,15,0%,4.93
qb55c-n,0,15,0%,7.67
aplusa technologies pvt. ltd. photos,0,15,0%,7.93
flip pro wm85b interactive display,0,15,0%,9.47
samsung wa75c,0,15,0%,9.87
samsung flip 85 inch interactive display,0,15,0%,10
samsung 55 inch interactive display,0,15,0%,14.87
samsung displays,0,15,0%,23.67
"samsung interactive pro 85""",0,15,0%,31
samsung 75 inch interactive display,0,15,0%,36.67
technitive-solutions-pvt-limited,0,15,0%,57.07
samsung flip 2 65,0,15,0%,57.6
corporate wayfinding mumbai,0,15,0%,66.73
narrow bezel video wall,0,15,0%,73.13
samsung smart signage 32 inch business,0,15,0%,78.8
digital signage advertising bangalore,0,15,0%,85.67
hospitality tv solution,0,15,0%,86.6
private service,0,14,0%,2.86
aplus phone,0,14,0%,3.29
vhc-r,0,14,0%,6.36
technology and solutions,0,14,0%,7.14
qm 65c,0,14,0%,7.86
wm85a samsung,0,14,0%,7.93
qb43c,0,14,0%,8.29
samsung qbc series tv,0,14,0%,8.86
qbc show,0,14,0%,9.64
samsung qh55r,0,14,0%,10.64
samsung wm65r price,0,14,0%,11.71
samsung distributor jammu,0,14,0%,11.93
aplus contact number,0,14,0%,12.43
samsung flip pro wm55b interactive display,0,14,0%,13.14
samsung interactive display wa86f,0,14,0%,13.14
display distributor,0,14,0%,14.57
samsung flip pro wm85b price,0,14,0%,17.64
samsung interactive display 55,0,14,0%,19.71
monitor samsung distributor,0,14,0%,20.64
samsung digital signage displays,0,14,0%,21.29
displaysolutions samsung,0,14,0%,25.07
samsung flip whiteboard,0,14,0%,26.57
thriveon solutions bengaluru,0,14,0%,30.64
aplus com,0,14,0%,32.29
samsung touch tv,0,14,0%,35.36
samsung interactive screen,0,14,0%,49.29
samsung flip 2 wm85r 85 inch,0,14,0%,49.57
a plus digital solutions,0,14,0%,56.43
bezel less video wall,0,14,0%,57.64
samsung commercial grade tv,0,14,0%,58.93
samsung tv support jamshedpur,0,14,0%,60.86
samsung flip 2 display,0,14,0%,72.29
samsung smartboard,0,14,0%,79.71
primeview production and entertainment pvt ltd,0,13,0%,1
aplusatech,0,13,0%,4.62
samsung qb65c specifications,0,13,0%,6.23
hg65u701f mrp?,0,13,0%,7.77
vm55c,0,13,0%,9.46
samsung bef,0,13,0%,9.69
wa75c samsung,0,13,0%,9.77
samsung flip 3 smart board,0,13,0%,13
samsung bec,0,13,0%,16.15
flip pro samsung,0,13,0%,16.69
interactive panel samsung,0,13,0%,17.31
"samsung interactive pro 55""",0,13,0%,32.23
samsung flip pro whiteboard,0,13,0%,37.62
qmc,0,13,0%,39
what is smart signage,0,13,0%,48.92
slim bezel tv for video wall,0,13,0%,53.77
samsung interactive monitor,0,13,0%,55.92
samsung flip interactive display 75,0,13,0%,56.92
samsung 32 smart signage display,0,13,0%,66.85
videowall price,0,13,0%,68.08
samsung touch displays,0,13,0%,74.77
professional display samsung,0,13,0%,75.69
samsung 32 inch digital signage display,0,13,0%,78.08
samsung smart signage 50,0,13,0%,94.23
astralis solutions,0,12,0%,5.5
qm98c price,0,12,0%,7.58
samsung hu8000f,0,12,0%,8.42
samsung vmc,0,12,0%,9.25
qhfx 115 samsung,0,12,0%,9.33
samsung crystal uhd signage qmc,0,12,0%,9.58
lh43bedhlgklxl,0,12,0%,9.67
lh43bechlgklxl samsung tv price,0,12,0%,10.42
samsung waf interactive display,0,12,0%,11.75
aplus audiences,0,12,0%,18.92
bec coimbatore,0,12,0%,19.92
samsung sinage,0,12,0%,29.75
touch display samsung,0,12,0%,34.92
samsung digital signage tv,0,12,0%,37.17
samsung interactive board,0,12,0%,46.08
qm85rb,0,12,0%,48
wm85r,0,12,0%,49.42
samsung smart tv digital signage app,0,12,0%,53.75
samsung 55 video wall monitor,0,12,0%,58.75
digital signage player samsung,0,12,0%,69.83
samsung video wall monitors,0,12,0%,75.42
samsung professional display 43 inch,0,12,0%,77.5
samsung digital signage screens,0,12,0%,78.42
samsung vm55b-u,0,12,0%,79
narrow bezels,0,12,0%,82.25
samsung be55fx h2 specifications,0,11,0%,2.55
a plus technical services,0,11,0%,3.73
"authorized retailers in pune for samsung qled television with live display 
units.",0,11,0%,3.82
samsung qb24r-t,0,11,0%,6.64
qbc series samsung,0,11,0%,6.82
b24 proof kiosk,0,11,0%,7
samsung qh115fx dimensions,0,11,0%,7.45
samsung qb13r-t,0,11,0%,8.27
be43fx-h2,0,11,0%,9.64
qmc series samsung,0,11,0%,11.36
samsung bec-h series,0,11,0%,16.82
samsung hau8000 price,0,11,0%,19.82
display solutions samsung,0,11,0%,22.36
"samsung flip pro 55""",0,11,0%,23.91
samsung display touch,0,11,0%,24.91
samsung interactive display flip,0,11,0%,32.73
digital signage player for samsung for led,0,11,0%,36.64
samsung smart signage led display,0,11,0%,39.36
samsung hau8000,0,11,0%,41.91
interactive screen samsung,0,11,0%,50.36
samsung tv distributor,0,11,0%,50.73
hospitality tv,0,11,0%,51.64
hg55bu800nfxza,0,11,0%,52
"""""""meeting room display solutions""""""",0,11,0%,58.55
hotel samsung tv,0,11,0%,60.91
samsung flip datasheet,0,11,0%,74.73
samsung signage 65,0,11,0%,90.36
video wall solutions in mumbai,0,11,0%,93.91
samsung tv brightness settings,0,10,0%,1
a-plus,0,10,0%,6.3
lh55vhcrbgbxza,0,10,0%,6.7
qh43r,0,10,0%,7.2
samsung qh115fx price,0,10,0%,7.2
"65"" samsung interactive display waf series",0,10,0%,8.1
samsung crystal uhd hau8000,0,10,0%,9.2
qb13r-t,0,10,0%,9.3
samsung vm55c,0,10,0%,9.3
samsung lh43befh8gulxl price in india,0,10,0%,9.4
samsung flip pro price in india,0,10,0%,10
qb24r-t,0,10,0%,10.3
samsung 115 commercial display,0,10,0%,10.6
samsung waf65,0,10,0%,13.9
75 interactive signage flip,0,10,0%,14.2
samsung vmb-u,0,10,0%,14.6
samsung tv business,0,10,0%,14.7
gulbarga display,0,10,0%,15.3
samsung flip wm55b,0,10,0%,15.6
lh65qetelgcxxy,0,10,0%,16.9
wa86f samsung datasheet,0,10,0%,18.6
samsung hotels,0,10,0%,29.4
samsung smart bed,0,10,0%,31.4
display samsung,0,10,0%,35
samsung touch screen display,0,10,0%,38.5
samsung whiteboard,0,10,0%,38.9
samsung41channelhwj7501rxlhometheatresystem,0,10,0%,40.8
hg43bu800nfxza,0,10,0%,44.4
samsung interactive pro 55,0,10,0%,45
samsung 85 flip,0,10,0%,47.4
samsung wma,0,10,0%,53
hotel televisions,0,10,0%,53.2
samsung business tv 65 inch,0,10,0%,70.4
hotel television suppliers,0,10,0%,71.6
samsung crystal 4k pro,0,10,0%,76.4
a plus,0,10,0%,80.1
be85f-h,0,9,0%,3.22
samsung qb55cn,0,9,0%,5.33
samsung flip pro (wm85b),0,9,0%,6.33
a pluss info services,0,9,0%,6.89
what is samsung business tv,0,9,0%,7
samsung 105-inch tv price in india,0,9,0%,7.22
samsung qb65c specs,0,9,0%,7.44
qm32r-t samsung,0,9,0%,7.78
samsung wm55b flip pro,0,9,0%,8
samsung waf 65 interactive display,0,9,0%,8.22
wa65d,0,9,0%,8.56
distribution,0,9,0%,8.78
samsung qh65r,0,9,0%,9.11
samsung qm 98c,0,9,0%,9.33
be65fx samsung,0,9,0%,9.56
qhfx,0,9,0%,10.67
samsung wa86f price,0,9,0%,11.11
samsung 55 video wall,0,9,0%,15.11
samsung vmb-u series,0,9,0%,15.89
samsung be,0,9,0%,18.44
kyathi-tech-solutions-pvt-ltd,0,9,0%,19.44
samsung signage digital standees,0,9,0%,21.67
videowall samsung,0,9,0%,22.11
samsung display solutions india,0,9,0%,27.78
qmc digital i/o,0,9,0%,28.89
best samsung deals kanpur,0,9,0%,30.33
samsung commercial television,0,9,0%,51.44
samsung wm85r,0,9,0%,52.22
signage design in mumbai,0,9,0%,54.44
flipboard samsung,0,9,0%,58.78
samsung led touch screen,0,9,0%,60.56
aptsol global,0,9,0%,63
samsung qmh series,0,9,0%,65
samsung menu boards,0,9,0%,75.33
smart board samsung,0,9,0%,80.44
smart signage tv samsung,0,9,0%,81.89
compact touch screen,0,9,0%,89.11
samsung interactive pro 75,0,9,0%,99.22
qpdx.com,0,9,0%,201
"""samsung displays"" digital signage solutions provider",0,8,0%,1.88
solutions,0,8,0%,3.38
vm46bu,0,8,0%,3.88
a tech solutions pvt ltd,0,8,0%,4.38
aplus plus security private limited,0,8,0%,4.75
qb13rt,0,8,0%,4.88
wm75b,0,8,0%,6
wa75d,0,8,0%,6.5
vmc r,0,8,0%,6.62
lh43bedhvgkxxv,0,8,0%,6.75
qb65c-n,0,8,0%,7.88
samsung crystal uhd hu8000f,0,8,0%,8.5
crystal uhd signage qmc series,0,8,0%,8.62
samsung flip pro 85 price,0,8,0%,8.62
samsung wa75d,0,8,0%,8.62
"samsung flip pro 85""",0,8,0%,9.12
qm50c,0,8,0%,9.25
a+ phone,0,8,0%,10.75
aplusa technologies pvt. ltd.,0,8,0%,11.25
samsung flip indore,0,8,0%,17.12
apttechsolutions,0,8,0%,24.5
video content drm in ghaziabad,0,8,0%,28.38
samsung flip 65-inch interactive whiteboard,0,8,0%,30.12
samsung qe series,0,8,0%,31
samsung interactive signage flip,0,8,0%,33.5
samsung flip 3 interactive display price,0,8,0%,34.5
aplus vision,0,8,0%,35.25
flip display,0,8,0%,35.38
samsung 105,0,8,0%,36.12
ultra narrow bezel video wall,0,8,0%,44.25
samsung wm85b flip pro 85,0,8,0%,45.12
samsung flip board,0,8,0%,45.25
samsung signage screen,0,8,0%,48.25
hospitality display,0,8,0%,49.75
qb24r-b,0,8,0%,50
qbr samsung,0,8,0%,54
hotel tv suppliers,0,8,0%,56.5
samsung flip 75,0,8,0%,64.38
qbc retail,0,8,0%,65
uhd ekran samsung,0,8,0%,66.75
video wall displays samsung,0,8,0%,69.12
crystal lynk,0,8,0%,87
business smart signage,0,8,0%,95.25
105 inch tv samsung,0,7,0%,1
flip,0,7,0%,1
samsung distributor,0,7,0%,2.57
how can i use a 43 inch smart tv for business?,0,7,0%,3.14
"115"" uhd signage qhfx",0,7,0%,6.86
samsung wa65c specifications,0,7,0%,7.14
samsung wm85b flip pro,0,7,0%,7.43
cbe vhc,0,7,0%,7.71
samsung qm75c display,0,7,0%,8
samsung qbc series datasheet,0,7,0%,8.14
lh32qmrebgcxue,0,7,0%,8.86
samsung wa65f interactive display,0,7,0%,9.14
samsung waf 75 inch,0,7,0%,9.29
samsung qbr-b series,0,7,0%,10.14
samsung qb55c price in india,0,7,0%,11.14
samsung 55 inch hospitality tv,0,7,0%,12.14
samsung flip chandigarh,0,7,0%,12.29
samsung tvsleebloomberg,0,7,0%,12.57
samsung flip bhopal latest,0,7,0%,12.71
tvlogic reseller in india,0,7,0%,15.29
samsung flip pro smart board,0,7,0%,16.14
touch screen tv samsung,0,7,0%,18.29
samsung hospitality mode,0,7,0%,20.29
samsung 85 inch touch screen tv,0,7,0%,21.71
samsung business displays,0,7,0%,22.57
samsung h series tv,0,7,0%,22.57
samsung wa65d,0,7,0%,23.57
samsung flip 75 interactive display,0,7,0%,25
samsung flip 3 wm85a,0,7,0%,25.71
commercial tv samsung,0,7,0%,28.71
samsung kochi,0,7,0%,30.14
aptsol global photos,0,7,0%,36
samsung video wall configurator,0,7,0%,37.29
hospitality samsung tv,0,7,0%,39.86
a+ technology & security solutions inc,0,7,0%,40.86
samsung smart led signage,0,7,0%,41.71
hgbu,0,7,0%,44.14
samsung 75 interactive display,0,7,0%,44.29
samsung thin bezel tv,0,7,0%,47
how to use hdmi on hotel tv samsung,0,7,0%,47.86
samsung wall display,0,7,0%,51
samsung qe55t,0,7,0%,52.86
start signage samsung displays,0,7,0%,55
samsung interactive display flip 85,0,7,0%,57.86
samsung authorized distributor,0,7,0%,68.71
samsung flip 2.0 55,0,7,0%,71.71
samsung flip 2 board,0,7,0%,75.29
flip signage,0,7,0%,87.86
samsung 60in tv,0,7,0%,89.14
lh75wmfwlgcxen,0,6,0%,2.67
technology services,0,6,0%,2.83
vm55be,0,6,0%,4.83
lh55vmcrbgbxza,0,6,0%,5.17
qe75t samsung,0,6,0%,7.17
samsung lh43bedhlgklxl,0,6,0%,7.5
samsung qe55t specification,0,6,0%,8.5
lh55vmcebgbxza,0,6,0%,8.67
"samsung 115"" display",0,6,0%,8.67
samsung qm 65c,0,6,0%,8.67
samsung wa65c,0,6,0%,9
samsung qb55c-n,0,6,0%,9.33
samsung be85,0,6,0%,9.83
samsung qh115f-x,0,6,0%,9.83
samsung flippro,0,6,0%,10
samsung 98 inch interactive display,0,6,0%,10.67
samsung qb65c price in india,0,6,0%,11
samsung 105-inch tv price,0,6,0%,11.17
samsung flip signage,0,6,0%,12.17
samsung wad interactive display,0,6,0%,16
biz tv samsung,0,6,0%,16.33
samsung buisness tv,0,6,0%,17.83
business tv samsung,0,6,0%,19.33
samsung hau8000 hospitality mode,0,6,0%,24.17
wayfinding signage suppliers in pune,0,6,0%,27.83
samsung 55in uhd 4k hospitality tv,0,6,0%,30.67
qbc tv,0,6,0%,31.67
samsung e flip,0,6,0%,34.17
samsung moradabad,0,6,0%,34.17
"सैमसंग डी सीरीज़ 108 सेमी 43 इंच क्रिस्टल 4k विविड अल्ट्रा एचडी स्मार्ट 
एलईडी टीवी ब्लैक ua43due70bklxl",0,6,0%,34.5
सैमसंग 80 सेमी 32 इंच एचडी स्मार्ट एलईडी टीवी काला ua32h4510fuxxl,0,6,0%,39.67
uhd signage display,0,6,0%,41.5
samsung flip pro 65,0,6,0%,42.17
ots lite technology,0,6,0%,47.17
samsung spatial signage display features specifications,0,6,0%,47.33
vm55t-e,0,6,0%,50
"samsung interactive pro 65""",0,6,0%,51.83
samsung smart signage software,0,6,0%,53.17
tv bec,0,6,0%,53.33
hg65bu800nfxza,0,6,0%,53.5
5k tv samsung,0,6,0%,54.17
85 inch interactive display,0,6,0%,56
samsung qb24r,0,6,0%,59.67
samsung 5k tv,0,6,0%,61
samsung professional display 43 inch price,0,6,0%,65.83
samsung flip 2 screen,0,6,0%,67.5
samsung signs,0,6,0%,69.33
samsung smart signage 55 inch,0,6,0%,72
4k signage,0,6,0%,74.33
digital signage services in pune,0,6,0%,75.33
samsung galaxy aplus,0,6,0%,76
samsung 75 inch touch screen tv,0,6,0%,88.67
aplus watch,0,6,0%,89.5
samsung hospitality tvs 43 inch,0,6,0%,97
105 tv samsung,0,5,0%,1
alpus,0,5,0%,1
samsung color display unit,0,5,0%,1
samsung smart tv,0,5,0%,1
technology solutions company,0,5,0%,1
samsung business tv 125.7 cm price,0,5,0%,1.2
samsung tv hospitality mode,0,5,0%,1.8
lh85befhlgfxgo,0,5,0%,2.4
samsung 105 inch tv price,0,5,0%,3
samsung flip,0,5,0%,4.2
samsung led distributor,0,5,0%,4.4
a-pluss info services bengaluru,0,5,0%,4.8
samsung screen supplier,0,5,0%,5.2
qm65c dimensions,0,5,0%,6
105 inch samsung tv,0,5,0%,6.4
samsung wa75d interactive display,0,5,0%,6.6
samsung qb55c specifications,0,5,0%,7
qb85c price,0,5,0%,7.2
samsung wa65d interactive display,0,5,0%,7.6
a plus projects & technology pvt ltd,0,5,0%,7.8
interactive display waf,0,5,0%,8
qh65r,0,5,0%,8
aplus service,0,5,0%,8.4
"samsung flip 85""",0,5,0%,8.8
samsung hospitality tv 43 inch,0,5,0%,8.8
सैमसंग का डिस्प्ले कितने का है,0,5,0%,8.8
samsung60,0,5,0%,9.2
wm55b flip pro,0,5,0%,9.2
business tv bed-h,0,5,0%,9.4
qm32r samsung,0,5,0%,9.6
samsung wa65c price,0,5,0%,9.8