Linking page,Last crawled
https://viesearch.com/?q=plus&p=201&s=l&format=rss,2026-06-06
https://viesearch.com/?q=smart&p=356&s=c&format=rss,2026-06-06
https://viesearch.com/?q=disability rights&s=c,2026-06-05
https://viesearch.com/?q=display fridge&s=l&format=rss,2026-06-04
https://viesearch.com/?q=disability fitness programs&s=c,2026-06-03
https://viesearch.com/?q=series&p=89&s=c&format=rss,2026-06-03
https://viesearch.com/?q=slim&p=30&s=l,2026-06-03
https://www.tumblr.com/tagged/4k Display.,2026-05-24
https://www.tumblr.com/tagged/Full HD TV,2026-05-24
https://www.tumblr.com/tagged/full HD TV,2026-05-24
https://www.tumblr.com/tagged/full hd tv,2026-05-24
https://www.tumblr.com/tagged/hd display,2026-05-24
http://melmatthew.blogspot.com/2017/12/the-hunt-for-uhd-4k-television-lg.html,2026-05-23
https://picky.expert/products/hotel-tv-hu7000f-uhd-4k-hg43u700feuxen-hg43u700feuxen-samsung-com?lang=nl,2026-05-23
https://www.linkcentre.com/search/?q=qhdc.www.graaff.studio,2026-05-05
https://www.tumblr.com/tagged/HD display?sort=recent,2026-05-02
https://weboworld.com/listings/uttar-pradesh/noida/page/108,2026-04-30
https://weboworld.com/listings/uttar-pradesh/noida/page/94,2026-04-30
https://weboworld.com/listings/uttar-pradesh/noida/page/95,2026-04-30
https://weboworld.com/listings/uttar-pradesh/noida/page/96,2026-04-30
https://weboworld.com/listings/uttar-pradesh/page/207,2026-04-27
https://weboworld.com/listings/uttar-pradesh/page/210,2026-04-27
https://weboworld.com/listings/uttar-pradesh/page/211,2026-04-27
https://weboworld.com/listings/uttar-pradesh/page/239,2026-04-27
https://bebee.com/in/jobs/senior-inside-sales-manager-female-only-aplus-technology-solutions-delhi-ncr--theirstack-669550802,2026-04-24
https://www.filesure.in/company/aplus-technology-solutions-private-limited/U72900DL2020PTC374888?tab=about,2026-04-22
https://www.naukri.com/job-listings-inside-sales-manager-female-aplus-technology-solutions-noida-1-to-6-years-210426024461,2026-04-21
https://viesearch.com/?q=labor&p=12&s=a,2026-04-18
https://www.tumblr.com/tagged/HD Display?sort=recent,2026-04-14
https://viesearch.com/?q=series&p=4,2026-04-12
https://www.adpost.com/in/business_products_services/799582/,2026-04-06
https://www.linkcentre.com/home-family/home-improvement/digital-signage/2/,2026-04-04
https://getwork.org/job-details/inside-sales-executive-7352,2026-03-13
https://in.pinterest.com/aplustechnologies2024/,2026-03-10
https://www.competitivetimes.in/feeds/comments/default,2026-02-25
https://tracxn.com/d/companies/aplustechnologysolutions/__X0jfs978sJ_zMaSRtjyU_qU725oQEJuIEa77TUJnqP0,2026-02-13
https://weboworld.com/listing/uttar-pradesh/noida/E-Commerce/aplus-technology-solutions-pvt-ltd,2026-01-29
"https://www.credhive.in/ind/corporate/U72900DL2020PTC374888/APLUS 
TECHNOLOGY SOLUTIONS PRIVATE LIMITED/overview",2026-01-27
https://yoomark.com/index.php/content/being-leading-samsung-videowall-display-vmb-u-series-dealers-our-samsung-video-wall-display,2025-12-05
https://indiahelpme.blogspot.com/2018/05/4k-resolution-ultra-hd-kya-hai.html,2025-06-06
https://in.linkedin.com/company/aplus-technology-solutions-pvt-ltd,2025-04-12
http://ledtvplasmatv.blogspot.com/2015/03/led-tv-vs-plasma-tv-major-difference.html,2025-03-04
https://chewy-jas.blogspot.com/2018/04/event-lg-home-entertainment-it-media.html,2025-02-26
http://mynellore.blogspot.com/2013/01/s-v-r-marketing-agencies-nellore.html,2025-02-20
https://jthejon.blogspot.com/2016/04/media-launch-lg-netflix-recommended-tv.html,2025-02-16
https://chewy-jas.blogspot.com/2018/04/event-launch-review-of-revolutionary.html,2025-02-12
https://gist.github.com/nsdevaraj/d330d1bda918a7c7c3a15dcebcfb1f7f,2025-01-31
https://noida-up-in.global-free-classified-ads.com/l-electronics-for-sale/samsung-signage-display-crystal-uhd-qmc-series-it14335263l133.html,2024-08-03
https://getwork.org/job-details/sales-executive-7258,2023-07-03
https://www.thecompanycheck.com/org/aplus-technology-solutions-private/ca9f6f5c07,2023-06-13